Datum,Zeit,Puls,Datenquelle
2026.01.31 21:48:00,21:48:00,72,com.sec.android.app.shealth
2026.01.31 21:48:00,21:48:00,80,com.sec.android.app.shealth
2026.01.31 21:48:00,21:48:00,74,com.sec.android.app.shealth
2026.01.31 21:58:00,21:58:00,78,com.sec.android.app.shealth
2026.01.31 21:58:00,21:58:00,77,com.sec.android.app.shealth
2026.01.31 21:48:19,21:48:19,82,com.sec.android.app.shealth
2026.01.31 21:48:28,21:48:28,82,com.sec.android.app.shealth
2026.01.31 21:48:35,21:48:35,76,com.sec.android.app.shealth
2026.01.31 21:50:10,21:50:10,100,com.sec.android.app.shealth
2026.01.31 21:53:27,21:53:27,70,com.sec.android.app.shealth
2026.01.31 22:00:01,22:00:01,73,com.sec.android.app.shealth
2026.01.31 22:10:02,22:10:02,70,com.sec.android.app.shealth
2026.01.31 22:20:02,22:20:02,66,com.sec.android.app.shealth
2026.01.31 22:30:01,22:30:01,68,com.sec.android.app.shealth
2026.01.31 22:40:00,22:40:00,71,com.sec.android.app.shealth
2026.01.31 22:50:01,22:50:01,106,com.sec.android.app.shealth
2026.01.31 23:00:01,23:00:01,63,com.sec.android.app.shealth
2026.01.31 23:10:02,23:10:02,60,com.sec.android.app.shealth
2026.01.31 23:20:01,23:20:01,64,com.sec.android.app.shealth
2026.01.31 23:30:02,23:30:02,62,com.sec.android.app.shealth
2026.01.31 23:40:00,23:40:00,66,com.sec.android.app.shealth
2026.01.31 23:50:01,23:50:01,68,com.sec.android.app.shealth
2026.02.01 00:00:02,00:00:02,65,com.sec.android.app.shealth
2026.02.01 00:10:02,00:10:02,67,com.sec.android.app.shealth
2026.02.01 00:20:01,00:20:01,66,com.sec.android.app.shealth
2026.02.01 00:30:09,00:30:09,66,com.sec.android.app.shealth
2026.02.01 00:40:09,00:40:09,63,com.sec.android.app.shealth
2026.02.01 00:50:08,00:50:08,64,com.sec.android.app.shealth
2026.02.01 01:00:09,01:00:09,66,com.sec.android.app.shealth
2026.02.01 01:10:18,01:10:18,96,com.sec.android.app.shealth
2026.02.01 01:20:08,01:20:08,71,com.sec.android.app.shealth
2026.02.01 01:30:09,01:30:09,67,com.sec.android.app.shealth
2026.02.01 01:40:09,01:40:09,56,com.sec.android.app.shealth
2026.02.01 01:50:12,01:50:12,55,com.sec.android.app.shealth
2026.02.01 02:00:09,02:00:09,58,com.sec.android.app.shealth
2026.02.01 02:10:10,02:10:10,59,com.sec.android.app.shealth
2026.02.01 02:20:11,02:20:11,55,com.sec.android.app.shealth
2026.02.01 02:30:09,02:30:09,55,com.sec.android.app.shealth
2026.02.01 02:40:09,02:40:09,54,com.sec.android.app.shealth
2026.02.01 02:50:09,02:50:09,57,com.sec.android.app.shealth
2026.02.01 03:00:09,03:00:09,55,com.sec.android.app.shealth
2026.02.01 03:10:21,03:10:21,57,com.sec.android.app.shealth
2026.02.01 03:20:09,03:20:09,68,com.sec.android.app.shealth
2026.02.01 03:30:09,03:30:09,60,com.sec.android.app.shealth
2026.02.01 03:40:09,03:40:09,54,com.sec.android.app.shealth
2026.02.01 03:50:09,03:50:09,58,com.sec.android.app.shealth
2026.02.01 04:00:14,04:00:14,52,com.sec.android.app.shealth
2026.02.01 04:10:11,04:10:11,52,com.sec.android.app.shealth
2026.02.01 04:20:12,04:20:12,55,com.sec.android.app.shealth
2026.02.01 04:30:09,04:30:09,54,com.sec.android.app.shealth
2026.02.01 04:40:09,04:40:09,55,com.sec.android.app.shealth
2026.02.01 04:50:08,04:50:08,59,com.sec.android.app.shealth
2026.02.01 05:00:09,05:00:09,61,com.sec.android.app.shealth
2026.02.01 05:10:08,05:10:08,58,com.sec.android.app.shealth
2026.02.01 05:20:12,05:20:12,57,com.sec.android.app.shealth
2026.02.01 05:30:09,05:30:09,60,com.sec.android.app.shealth
2026.02.01 05:40:10,05:40:10,53,com.sec.android.app.shealth
2026.02.01 05:50:08,05:50:08,59,com.sec.android.app.shealth
2026.02.01 06:00:09,06:00:09,52,com.sec.android.app.shealth
2026.02.01 06:10:21,06:10:21,81,com.sec.android.app.shealth
2026.02.01 06:20:21,06:20:21,52,com.sec.android.app.shealth
2026.02.01 06:30:10,06:30:10,54,com.sec.android.app.shealth
2026.02.01 06:40:09,06:40:09,55,com.sec.android.app.shealth
2026.02.01 06:50:09,06:50:09,55,com.sec.android.app.shealth
2026.02.01 07:00:14,07:00:14,55,com.sec.android.app.shealth
2026.02.01 07:10:13,07:10:13,90,com.sec.android.app.shealth
2026.02.01 07:20:21,07:20:21,69,com.sec.android.app.shealth
2026.02.01 07:30:20,07:30:20,53,com.sec.android.app.shealth
2026.02.01 07:40:20,07:40:20,88,com.sec.android.app.shealth
2026.02.01 07:50:09,07:50:09,57,com.sec.android.app.shealth
2026.02.01 08:00:13,08:00:13,56,com.sec.android.app.shealth
2026.02.01 08:10:16,08:10:16,70,com.sec.android.app.shealth
2026.02.01 08:20:13,08:20:13,55,com.sec.android.app.shealth
2026.02.01 08:30:21,08:30:21,90,com.sec.android.app.shealth
2026.02.01 08:40:19,08:40:19,61,com.sec.android.app.shealth
2026.02.01 08:46:05,08:46:05,113,com.sec.android.app.shealth
2026.02.01 09:10:00,09:10:00,67,com.sec.android.app.shealth
2026.02.01 09:20:01,09:20:01,100,com.sec.android.app.shealth
2026.02.01 09:30:01,09:30:01,60,com.sec.android.app.shealth
2026.02.01 09:40:01,09:40:01,105,com.sec.android.app.shealth
2026.02.01 09:41:27,09:41:27,66,com.sec.android.app.shealth
2026.02.01 09:50:01,09:50:01,64,com.sec.android.app.shealth
2026.02.01 10:00:01,10:00:01,81,com.sec.android.app.shealth
2026.02.01 10:10:00,10:10:00,83,com.sec.android.app.shealth
2026.02.01 10:20:01,10:20:01,88,com.sec.android.app.shealth
2026.02.01 10:30:01,10:30:01,89,com.sec.android.app.shealth
2026.02.01 10:40:00,10:40:00,84,com.sec.android.app.shealth
2026.02.01 10:50:00,10:50:00,76,com.sec.android.app.shealth
2026.02.01 11:00:01,11:00:01,67,com.sec.android.app.shealth
2026.02.01 11:10:02,11:10:02,67,com.sec.android.app.shealth
2026.02.01 11:20:01,11:20:01,61,com.sec.android.app.shealth
2026.02.01 11:30:01,11:30:01,65,com.sec.android.app.shealth
2026.02.01 11:40:01,11:40:01,65,com.sec.android.app.shealth
2026.02.01 11:50:01,11:50:01,65,com.sec.android.app.shealth
2026.02.01 12:00:01,12:00:01,71,com.sec.android.app.shealth
2026.02.01 12:10:01,12:10:01,64,com.sec.android.app.shealth
2026.02.01 12:20:01,12:20:01,83,com.sec.android.app.shealth
2026.02.01 12:30:00,12:30:00,95,com.sec.android.app.shealth
2026.02.01 12:40:00,12:40:00,79,com.sec.android.app.shealth
2026.02.01 12:50:01,12:50:01,92,com.sec.android.app.shealth
2026.02.01 13:00:00,13:00:00,68,com.sec.android.app.shealth
2026.02.01 13:07:55,13:07:55,82,com.sec.android.app.shealth
2026.02.01 13:10:01,13:10:01,70,com.sec.android.app.shealth
2026.02.01 13:20:00,13:20:00,59,com.sec.android.app.shealth
2026.02.01 13:30:01,13:30:01,93,com.sec.android.app.shealth
2026.02.01 13:40:01,13:40:01,70,com.sec.android.app.shealth
2026.02.01 13:50:01,13:50:01,78,com.sec.android.app.shealth
2026.02.01 14:00:00,14:00:00,73,com.sec.android.app.shealth
2026.02.01 14:10:00,14:10:00,64,com.sec.android.app.shealth
2026.02.01 14:20:01,14:20:01,65,com.sec.android.app.shealth
2026.02.01 14:30:01,14:30:01,91,com.sec.android.app.shealth
2026.02.01 14:40:02,14:40:02,66,com.sec.android.app.shealth
2026.02.01 14:50:01,14:50:01,76,com.sec.android.app.shealth
2026.02.01 14:50:02,14:50:02,73,com.sec.android.app.shealth
2026.02.01 14:50:36,14:50:36,66,com.sec.android.app.shealth
2026.02.01 15:00:01,15:00:01,68,com.sec.android.app.shealth
2026.02.01 15:10:01,15:10:01,58,com.sec.android.app.shealth
2026.02.01 15:20:01,15:20:01,60,com.sec.android.app.shealth
2026.02.01 15:30:09,15:30:09,63,com.sec.android.app.shealth
2026.02.01 15:40:09,15:40:09,63,com.sec.android.app.shealth
2026.02.01 15:50:09,15:50:09,63,com.sec.android.app.shealth
2026.02.01 16:00:08,16:00:08,69,com.sec.android.app.shealth
2026.02.01 16:10:09,16:10:09,64,com.sec.android.app.shealth
2026.02.01 16:20:08,16:20:08,63,com.sec.android.app.shealth
2026.02.01 16:30:09,16:30:09,62,com.sec.android.app.shealth
2026.02.01 16:40:09,16:40:09,54,com.sec.android.app.shealth
2026.02.01 16:50:21,16:50:21,91,com.sec.android.app.shealth
2026.02.01 17:59:00,17:59:00,99,com.sec.android.app.shealth
2026.02.01 17:20:01,17:20:01,92,com.sec.android.app.shealth
2026.02.01 17:30:01,17:30:01,84,com.sec.android.app.shealth
2026.02.01 17:40:00,17:40:00,93,com.sec.android.app.shealth
2026.02.01 17:50:01,17:50:01,91,com.sec.android.app.shealth
2026.02.01 17:59:33,17:59:33,100,com.sec.android.app.shealth
2026.02.01 17:59:42,17:59:42,101,com.sec.android.app.shealth
2026.02.01 17:59:55,17:59:55,96,com.sec.android.app.shealth
2026.02.01 18:00:35,18:00:35,101,com.sec.android.app.shealth
2026.02.01 18:00:45,18:00:45,91,com.sec.android.app.shealth
2026.02.01 18:00:55,18:00:55,91,com.sec.android.app.shealth
2026.02.01 18:01:05,18:01:05,94,com.sec.android.app.shealth
2026.02.01 18:01:15,18:01:15,97,com.sec.android.app.shealth
2026.02.01 18:01:25,18:01:25,97,com.sec.android.app.shealth
2026.02.01 18:01:36,18:01:36,97,com.sec.android.app.shealth
2026.02.01 18:01:46,18:01:46,100,com.sec.android.app.shealth
2026.02.01 18:01:57,18:01:57,100,com.sec.android.app.shealth
2026.02.01 18:02:08,18:02:08,94,com.sec.android.app.shealth
2026.02.01 18:02:47,18:02:47,94,com.sec.android.app.shealth
2026.02.01 18:02:57,18:02:57,92,com.sec.android.app.shealth
2026.02.01 18:03:07,18:03:07,96,com.sec.android.app.shealth
2026.02.01 18:03:24,18:03:24,100,com.sec.android.app.shealth
2026.02.01 18:03:34,18:03:34,104,com.sec.android.app.shealth
2026.02.01 18:03:43,18:03:43,100,com.sec.android.app.shealth
2026.02.01 18:03:54,18:03:54,101,com.sec.android.app.shealth
2026.02.01 18:04:04,18:04:04,103,com.sec.android.app.shealth
2026.02.01 18:04:14,18:04:14,102,com.sec.android.app.shealth
2026.02.01 18:04:24,18:04:24,105,com.sec.android.app.shealth
2026.02.01 18:04:34,18:04:34,104,com.sec.android.app.shealth
2026.02.01 18:04:44,18:04:44,104,com.sec.android.app.shealth
2026.02.01 18:04:55,18:04:55,99,com.sec.android.app.shealth
2026.02.01 18:05:05,18:05:05,98,com.sec.android.app.shealth
2026.02.01 18:05:15,18:05:15,98,com.sec.android.app.shealth
2026.02.01 18:05:25,18:05:25,102,com.sec.android.app.shealth
2026.02.01 18:05:36,18:05:36,107,com.sec.android.app.shealth
2026.02.01 18:05:45,18:05:45,109,com.sec.android.app.shealth
2026.02.01 18:05:55,18:05:55,110,com.sec.android.app.shealth
2026.02.01 18:06:06,18:06:06,114,com.sec.android.app.shealth
2026.02.01 18:06:16,18:06:16,114,com.sec.android.app.shealth
2026.02.01 18:06:26,18:06:26,116,com.sec.android.app.shealth
2026.02.01 18:06:36,18:06:36,117,com.sec.android.app.shealth
2026.02.01 18:06:46,18:06:46,117,com.sec.android.app.shealth
2026.02.01 18:06:55,18:06:55,110,com.sec.android.app.shealth
2026.02.01 18:07:05,18:07:05,109,com.sec.android.app.shealth
2026.02.01 18:07:15,18:07:15,111,com.sec.android.app.shealth
2026.02.01 18:07:25,18:07:25,112,com.sec.android.app.shealth
2026.02.01 18:07:35,18:07:35,113,com.sec.android.app.shealth
2026.02.01 18:07:46,18:07:46,112,com.sec.android.app.shealth
2026.02.01 18:07:55,18:07:55,112,com.sec.android.app.shealth
2026.02.01 18:08:05,18:08:05,110,com.sec.android.app.shealth
2026.02.01 18:08:16,18:08:16,107,com.sec.android.app.shealth
2026.02.01 18:08:28,18:08:28,103,com.sec.android.app.shealth
2026.02.01 18:08:38,18:08:38,105,com.sec.android.app.shealth
2026.02.01 18:08:48,18:08:48,105,com.sec.android.app.shealth
2026.02.01 18:09:00,18:09:00,101,com.sec.android.app.shealth
2026.02.01 18:09:12,18:09:12,102,com.sec.android.app.shealth
2026.02.01 18:09:24,18:09:24,104,com.sec.android.app.shealth
2026.02.01 18:09:34,18:09:34,104,com.sec.android.app.shealth
2026.02.01 18:09:52,18:09:52,104,com.sec.android.app.shealth
2026.02.01 18:10:01,18:10:01,102,com.sec.android.app.shealth
2026.02.01 18:10:11,18:10:11,104,com.sec.android.app.shealth
2026.02.01 18:10:44,18:10:44,101,com.sec.android.app.shealth
2026.02.01 18:10:54,18:10:54,104,com.sec.android.app.shealth
2026.02.01 18:11:04,18:11:04,99,com.sec.android.app.shealth
2026.02.01 18:11:13,18:11:13,101,com.sec.android.app.shealth
2026.02.01 18:11:34,18:11:34,100,com.sec.android.app.shealth
2026.02.01 18:01:00,18:01:00,85,com.sec.android.app.shealth
2026.02.01 18:02:00,18:02:00,87,com.sec.android.app.shealth
2026.02.01 18:03:00,18:03:00,87,com.sec.android.app.shealth
2026.02.01 18:04:00,18:04:00,89,com.sec.android.app.shealth
2026.02.01 18:05:00,18:05:00,97,com.sec.android.app.shealth
2026.02.01 18:06:00,18:06:00,94,com.sec.android.app.shealth
2026.02.01 18:07:00,18:07:00,104,com.sec.android.app.shealth
2026.02.01 18:08:00,18:08:00,107,com.sec.android.app.shealth
2026.02.01 18:09:00,18:09:00,101,com.sec.android.app.shealth
2026.02.01 18:09:00,18:09:00,99,com.sec.android.app.shealth
2026.02.01 18:10:00,18:10:00,92,com.sec.android.app.shealth
2026.02.01 18:11:00,18:11:00,95,com.sec.android.app.shealth
2026.02.01 18:11:00,18:11:00,98,com.sec.android.app.shealth
2026.02.01 18:11:35,18:11:35,99,com.sec.android.app.shealth
2026.02.01 18:20:01,18:20:01,76,com.sec.android.app.shealth
2026.02.01 18:30:01,18:30:01,96,com.sec.android.app.shealth
2026.02.01 18:40:01,18:40:01,94,com.sec.android.app.shealth
2026.02.01 18:50:01,18:50:01,111,com.sec.android.app.shealth
2026.02.01 19:00:01,19:00:01,99,com.sec.android.app.shealth
2026.02.01 19:10:00,19:10:00,87,com.sec.android.app.shealth
2026.02.01 19:20:01,19:20:01,82,com.sec.android.app.shealth
2026.02.01 19:30:01,19:30:01,87,com.sec.android.app.shealth
2026.02.01 19:40:01,19:40:01,88,com.sec.android.app.shealth
2026.02.01 19:50:01,19:50:01,72,com.sec.android.app.shealth
2026.02.01 20:00:01,20:00:01,64,com.sec.android.app.shealth
2026.02.01 20:09:19,20:09:19,76,com.sec.android.app.shealth
2026.02.01 20:10:01,20:10:01,71,com.sec.android.app.shealth
2026.02.01 20:50:00,20:50:00,73,com.sec.android.app.shealth
2026.02.01 21:00:00,21:00:00,74,com.sec.android.app.shealth
2026.02.01 21:10:00,21:10:00,61,com.sec.android.app.shealth
2026.02.01 21:20:01,21:20:01,78,com.sec.android.app.shealth
2026.02.01 21:30:02,21:30:02,72,com.sec.android.app.shealth
2026.02.01 21:40:00,21:40:00,64,com.sec.android.app.shealth
2026.02.01 21:50:01,21:50:01,64,com.sec.android.app.shealth
2026.02.01 22:00:01,22:00:01,78,com.sec.android.app.shealth
2026.02.01 22:10:00,22:10:00,61,com.sec.android.app.shealth
2026.02.01 22:20:01,22:20:01,67,com.sec.android.app.shealth
2026.02.01 22:30:01,22:30:01,59,com.sec.android.app.shealth
2026.02.01 22:40:01,22:40:01,57,com.sec.android.app.shealth
2026.02.02 00:27:00,00:27:00,61,com.sec.android.app.shealth
2026.02.02 00:27:23,00:27:23,59,com.sec.android.app.shealth
2026.02.02 00:30:14,00:30:14,60,com.sec.android.app.shealth
2026.02.02 00:40:15,00:40:15,66,com.sec.android.app.shealth
2026.02.02 00:50:15,00:50:15,60,com.sec.android.app.shealth
2026.02.02 01:00:22,01:00:22,57,com.sec.android.app.shealth
2026.02.02 01:10:22,01:10:22,56,com.sec.android.app.shealth
2026.02.02 01:20:23,01:20:23,56,com.sec.android.app.shealth
2026.02.02 01:30:23,01:30:23,56,com.sec.android.app.shealth
2026.02.02 01:40:24,01:40:24,61,com.sec.android.app.shealth
2026.02.02 01:50:34,01:50:34,79,com.sec.android.app.shealth
2026.02.02 02:00:23,02:00:23,62,com.sec.android.app.shealth
2026.02.02 02:10:31,02:10:31,53,com.sec.android.app.shealth
2026.02.02 02:20:24,02:20:24,57,com.sec.android.app.shealth
2026.02.02 02:30:22,02:30:22,59,com.sec.android.app.shealth
2026.02.02 02:40:22,02:40:22,53,com.sec.android.app.shealth
2026.02.02 02:50:23,02:50:23,56,com.sec.android.app.shealth
2026.02.02 03:00:22,03:00:22,66,com.sec.android.app.shealth
2026.02.02 03:10:22,03:10:22,63,com.sec.android.app.shealth
2026.02.02 03:20:22,03:20:22,59,com.sec.android.app.shealth
2026.02.02 03:30:22,03:30:22,78,com.sec.android.app.shealth
2026.02.02 03:40:22,03:40:22,64,com.sec.android.app.shealth
2026.02.02 03:50:22,03:50:22,57,com.sec.android.app.shealth
2026.02.02 04:00:09,04:00:09,59,com.sec.android.app.shealth
2026.02.02 04:10:21,04:10:21,75,com.sec.android.app.shealth
2026.02.02 04:20:21,04:20:21,88,com.sec.android.app.shealth
2026.02.02 04:30:14,04:30:14,68,com.sec.android.app.shealth
2026.02.02 04:40:20,04:40:20,84,com.sec.android.app.shealth
2026.02.02 04:50:08,04:50:08,52,com.sec.android.app.shealth
2026.02.02 05:00:13,05:00:13,53,com.sec.android.app.shealth
2026.02.02 05:10:08,05:10:08,59,com.sec.android.app.shealth
2026.02.02 05:20:08,05:20:08,65,com.sec.android.app.shealth
2026.02.02 05:30:13,05:30:13,59,com.sec.android.app.shealth
2026.02.02 06:10:00,06:10:00,71,com.sec.android.app.shealth
2026.02.02 06:20:01,06:20:01,80,com.sec.android.app.shealth
2026.02.02 06:30:01,06:30:01,60,com.sec.android.app.shealth
2026.02.02 06:40:01,06:40:01,59,com.sec.android.app.shealth
2026.02.02 06:50:01,06:50:01,92,com.sec.android.app.shealth
2026.02.02 06:59:41,06:59:41,78,com.sec.android.app.shealth
2026.02.02 07:00:01,07:00:01,85,com.sec.android.app.shealth
2026.02.02 07:10:01,07:10:01,108,com.sec.android.app.shealth
2026.02.02 07:20:01,07:20:01,109,com.sec.android.app.shealth
2026.02.02 07:30:01,07:30:01,76,com.sec.android.app.shealth
2026.02.02 07:40:00,07:40:00,79,com.sec.android.app.shealth
2026.02.02 07:50:01,07:50:01,87,com.sec.android.app.shealth
2026.02.02 08:00:02,08:00:02,65,com.sec.android.app.shealth
2026.02.02 08:10:00,08:10:00,76,com.sec.android.app.shealth
2026.02.02 08:20:01,08:20:01,64,com.sec.android.app.shealth
2026.02.02 08:30:01,08:30:01,93,com.sec.android.app.shealth
2026.02.02 08:40:01,08:40:01,87,com.sec.android.app.shealth
2026.02.02 08:50:01,08:50:01,90,com.sec.android.app.shealth
2026.02.02 09:00:01,09:00:01,64,com.sec.android.app.shealth
2026.02.02 09:10:01,09:10:01,96,com.sec.android.app.shealth
2026.02.02 09:20:01,09:20:01,81,com.sec.android.app.shealth
2026.02.02 09:30:00,09:30:00,80,com.sec.android.app.shealth
2026.02.02 09:40:01,09:40:01,76,com.sec.android.app.shealth
2026.02.02 09:50:01,09:50:01,97,com.sec.android.app.shealth
2026.02.02 10:00:02,10:00:02,99,com.sec.android.app.shealth
2026.02.02 10:10:01,10:10:01,59,com.sec.android.app.shealth
2026.02.02 10:20:01,10:20:01,62,com.sec.android.app.shealth
2026.02.02 10:30:01,10:30:01,64,com.sec.android.app.shealth
2026.02.02 10:40:01,10:40:01,62,com.sec.android.app.shealth
2026.02.02 10:50:01,10:50:01,62,com.sec.android.app.shealth
2026.02.02 11:00:01,11:00:01,64,com.sec.android.app.shealth
2026.02.02 11:10:02,11:10:02,90,com.sec.android.app.shealth
2026.02.02 11:20:01,11:20:01,82,com.sec.android.app.shealth
2026.02.02 11:30:01,11:30:01,74,com.sec.android.app.shealth
2026.02.02 11:40:01,11:40:01,84,com.sec.android.app.shealth
2026.02.02 11:50:01,11:50:01,81,com.sec.android.app.shealth
2026.02.02 12:00:01,12:00:01,79,com.sec.android.app.shealth
2026.02.02 12:10:01,12:10:01,84,com.sec.android.app.shealth
2026.02.02 12:20:01,12:20:01,63,com.sec.android.app.shealth
2026.02.02 12:30:01,12:30:01,70,com.sec.android.app.shealth
2026.02.02 12:40:01,12:40:01,70,com.sec.android.app.shealth
2026.02.02 12:50:01,12:50:01,68,com.sec.android.app.shealth
2026.02.02 13:00:00,13:00:00,100,com.sec.android.app.shealth
2026.02.02 13:10:01,13:10:01,92,com.sec.android.app.shealth
2026.02.02 13:20:01,13:20:01,83,com.sec.android.app.shealth
2026.02.02 13:30:01,13:30:01,92,com.sec.android.app.shealth
2026.02.02 13:40:00,13:40:00,70,com.sec.android.app.shealth
2026.02.02 13:50:01,13:50:01,71,com.sec.android.app.shealth
2026.02.02 14:00:01,14:00:01,112,com.sec.android.app.shealth
2026.02.02 14:10:00,14:10:00,83,com.sec.android.app.shealth
2026.02.02 14:20:00,14:20:00,99,com.sec.android.app.shealth
2026.02.02 14:30:01,14:30:01,97,com.sec.android.app.shealth
2026.02.02 14:40:01,14:40:01,71,com.sec.android.app.shealth
2026.02.02 14:50:00,14:50:00,73,com.sec.android.app.shealth
2026.02.02 15:00:00,15:00:00,87,com.sec.android.app.shealth
2026.02.02 15:10:01,15:10:01,67,com.sec.android.app.shealth
2026.02.02 15:20:01,15:20:01,68,com.sec.android.app.shealth
2026.02.02 15:30:01,15:30:01,81,com.sec.android.app.shealth
2026.02.02 15:40:01,15:40:01,103,com.sec.android.app.shealth
2026.02.02 15:50:00,15:50:00,67,com.sec.android.app.shealth
2026.02.02 16:00:02,16:00:02,66,com.sec.android.app.shealth
2026.02.02 16:10:02,16:10:02,93,com.sec.android.app.shealth
2026.02.02 16:20:00,16:20:00,89,com.sec.android.app.shealth
2026.02.02 16:30:01,16:30:01,92,com.sec.android.app.shealth
2026.02.02 16:40:01,16:40:01,81,com.sec.android.app.shealth
2026.02.02 16:50:00,16:50:00,70,com.sec.android.app.shealth
2026.02.02 17:00:01,17:00:01,79,com.sec.android.app.shealth
2026.02.02 17:10:01,17:10:01,90,com.sec.android.app.shealth
2026.02.02 17:20:01,17:20:01,87,com.sec.android.app.shealth
2026.02.02 17:30:02,17:30:02,103,com.sec.android.app.shealth
2026.02.02 17:40:01,17:40:01,89,com.sec.android.app.shealth
2026.02.02 17:50:01,17:50:01,86,com.sec.android.app.shealth
2026.02.02 18:00:01,18:00:01,111,com.sec.android.app.shealth
2026.02.02 18:10:01,18:10:01,74,com.sec.android.app.shealth
2026.02.02 18:20:01,18:20:01,73,com.sec.android.app.shealth
2026.02.02 18:30:01,18:30:01,84,com.sec.android.app.shealth
2026.02.02 18:40:01,18:40:01,104,com.sec.android.app.shealth
2026.02.02 18:50:00,18:50:00,95,com.sec.android.app.shealth
2026.02.02 19:00:01,19:00:01,84,com.sec.android.app.shealth
2026.02.02 19:10:01,19:10:01,81,com.sec.android.app.shealth
2026.02.02 19:20:02,19:20:02,72,com.sec.android.app.shealth
2026.02.02 19:50:01,19:50:01,107,com.sec.android.app.shealth
2026.02.02 20:06:00,20:06:00,101,com.sec.android.app.shealth
2026.02.02 20:07:00,20:07:00,97,com.sec.android.app.shealth
2026.02.02 20:08:00,20:08:00,96,com.sec.android.app.shealth
2026.02.02 20:09:00,20:09:00,119,com.sec.android.app.shealth
2026.02.02 20:10:00,20:10:00,99,com.sec.android.app.shealth
2026.02.02 20:11:00,20:11:00,96,com.sec.android.app.shealth
2026.02.02 20:13:00,20:13:00,90,com.sec.android.app.shealth
2026.02.02 20:13:00,20:13:00,96,com.sec.android.app.shealth
2026.02.02 20:14:00,20:14:00,97,com.sec.android.app.shealth
2026.02.02 20:15:00,20:15:00,99,com.sec.android.app.shealth
2026.02.02 20:16:00,20:16:00,92,com.sec.android.app.shealth
2026.02.02 20:17:00,20:17:00,119,com.sec.android.app.shealth
2026.02.02 20:18:00,20:18:00,105,com.sec.android.app.shealth
2026.02.02 20:20:00,20:20:00,106,com.sec.android.app.shealth
2026.02.02 20:20:00,20:20:00,116,com.sec.android.app.shealth
2026.02.02 20:21:00,20:21:00,122,com.sec.android.app.shealth
2026.02.02 20:22:00,20:22:00,122,com.sec.android.app.shealth
2026.02.02 20:23:00,20:23:00,101,com.sec.android.app.shealth
2026.02.02 20:24:00,20:24:00,103,com.sec.android.app.shealth
2026.02.02 20:26:00,20:26:00,111,com.sec.android.app.shealth
2026.02.02 20:26:00,20:26:00,139,com.sec.android.app.shealth
2026.02.02 20:28:00,20:28:00,116,com.sec.android.app.shealth
2026.02.02 20:28:00,20:28:00,118,com.sec.android.app.shealth
2026.02.02 20:29:00,20:29:00,111,com.sec.android.app.shealth
2026.02.02 20:30:00,20:30:00,113,com.sec.android.app.shealth
2026.02.02 20:31:00,20:31:00,126,com.sec.android.app.shealth
2026.02.02 20:32:00,20:32:00,137,com.sec.android.app.shealth
2026.02.02 20:33:00,20:33:00,122,com.sec.android.app.shealth
2026.02.02 20:34:00,20:34:00,104,com.sec.android.app.shealth
2026.02.02 20:35:00,20:35:00,116,com.sec.android.app.shealth
2026.02.02 20:36:00,20:36:00,121,com.sec.android.app.shealth
2026.02.02 20:37:00,20:37:00,136,com.sec.android.app.shealth
2026.02.02 20:38:00,20:38:00,115,com.sec.android.app.shealth
2026.02.02 20:39:00,20:39:00,110,com.sec.android.app.shealth
2026.02.02 20:40:00,20:40:00,146,com.sec.android.app.shealth
2026.02.02 20:41:00,20:41:00,133,com.sec.android.app.shealth
2026.02.02 20:42:00,20:42:00,136,com.sec.android.app.shealth
2026.02.02 20:43:00,20:43:00,127,com.sec.android.app.shealth
2026.02.02 20:44:00,20:44:00,130,com.sec.android.app.shealth
2026.02.02 20:45:00,20:45:00,118,com.sec.android.app.shealth
2026.02.02 20:47:00,20:47:00,124,com.sec.android.app.shealth
2026.02.02 20:47:00,20:47:00,121,com.sec.android.app.shealth
2026.02.02 20:48:00,20:48:00,110,com.sec.android.app.shealth
2026.02.02 20:49:00,20:49:00,101,com.sec.android.app.shealth
2026.02.02 20:51:00,20:51:00,111,com.sec.android.app.shealth
2026.02.02 20:51:00,20:51:00,125,com.sec.android.app.shealth
2026.02.02 20:52:00,20:52:00,121,com.sec.android.app.shealth
2026.02.02 20:53:00,20:53:00,123,com.sec.android.app.shealth
2026.02.02 20:54:00,20:54:00,143,com.sec.android.app.shealth
2026.02.02 20:55:00,20:55:00,134,com.sec.android.app.shealth
2026.02.02 20:56:00,20:56:00,115,com.sec.android.app.shealth
2026.02.02 20:57:00,20:57:00,114,com.sec.android.app.shealth
2026.02.02 20:58:00,20:58:00,119,com.sec.android.app.shealth
2026.02.02 20:59:00,20:59:00,109,com.sec.android.app.shealth
2026.02.02 20:00:01,20:00:01,101,com.sec.android.app.shealth
2026.02.02 21:00:00,21:00:00,108,com.sec.android.app.shealth
2026.02.02 21:01:00,21:01:00,103,com.sec.android.app.shealth
2026.02.02 21:02:00,21:02:00,118,com.sec.android.app.shealth
2026.02.02 21:03:00,21:03:00,116,com.sec.android.app.shealth
2026.02.02 21:04:00,21:04:00,116,com.sec.android.app.shealth
2026.02.02 21:05:00,21:05:00,129,com.sec.android.app.shealth
2026.02.02 21:06:00,21:06:00,121,com.sec.android.app.shealth
2026.02.02 21:07:00,21:07:00,131,com.sec.android.app.shealth
2026.02.02 21:08:00,21:08:00,114,com.sec.android.app.shealth
2026.02.02 21:09:00,21:09:00,118,com.sec.android.app.shealth
2026.02.02 21:10:00,21:10:00,125,com.sec.android.app.shealth
2026.02.02 21:11:00,21:11:00,109,com.sec.android.app.shealth
2026.02.02 21:12:00,21:12:00,103,com.sec.android.app.shealth
2026.02.02 21:13:00,21:13:00,103,com.sec.android.app.shealth
2026.02.02 21:14:00,21:14:00,103,com.sec.android.app.shealth
2026.02.02 21:15:00,21:15:00,100,com.sec.android.app.shealth
2026.02.02 21:16:00,21:16:00,97,com.sec.android.app.shealth
2026.02.02 21:17:00,21:17:00,96,com.sec.android.app.shealth
2026.02.02 21:18:00,21:18:00,106,com.sec.android.app.shealth
2026.02.02 21:19:00,21:19:00,98,com.sec.android.app.shealth
2026.02.02 21:20:00,21:20:00,98,com.sec.android.app.shealth
2026.02.02 21:21:00,21:21:00,110,com.sec.android.app.shealth
2026.02.02 21:22:00,21:22:00,110,com.sec.android.app.shealth
2026.02.02 21:23:00,21:23:00,115,com.sec.android.app.shealth
2026.02.02 21:24:00,21:24:00,105,com.sec.android.app.shealth
2026.02.02 21:25:00,21:25:00,103,com.sec.android.app.shealth
2026.02.02 21:25:00,21:25:00,109,com.sec.android.app.shealth
2026.02.02 21:25:45,21:25:45,112,com.sec.android.app.shealth
2026.02.02 21:30:01,21:30:01,115,com.sec.android.app.shealth
2026.02.02 21:40:01,21:40:01,104,com.sec.android.app.shealth
2026.02.02 22:40:01,22:40:01,95,com.sec.android.app.shealth
2026.02.02 22:50:00,22:50:00,81,com.sec.android.app.shealth
2026.02.02 23:00:01,23:00:01,62,com.sec.android.app.shealth
2026.02.02 23:10:01,23:10:01,64,com.sec.android.app.shealth
2026.02.02 23:20:01,23:20:01,61,com.sec.android.app.shealth
2026.02.02 23:30:01,23:30:01,65,com.sec.android.app.shealth
2026.02.02 23:40:09,23:40:09,59,com.sec.android.app.shealth
2026.02.02 23:50:10,23:50:10,62,com.sec.android.app.shealth
2026.02.03 00:00:10,00:00:10,60,com.sec.android.app.shealth
2026.02.03 00:10:12,00:10:12,73,com.sec.android.app.shealth
2026.02.03 00:20:13,00:20:13,60,com.sec.android.app.shealth
2026.02.03 00:30:13,00:30:13,59,com.sec.android.app.shealth
2026.02.03 00:40:12,00:40:12,58,com.sec.android.app.shealth
2026.02.03 00:50:24,00:50:24,63,com.sec.android.app.shealth
2026.02.03 01:00:24,01:00:24,56,com.sec.android.app.shealth
2026.02.03 01:10:17,01:10:17,55,com.sec.android.app.shealth
2026.02.03 01:20:12,01:20:12,57,com.sec.android.app.shealth
2026.02.03 01:30:12,01:30:12,68,com.sec.android.app.shealth
2026.02.03 01:40:13,01:40:13,65,com.sec.android.app.shealth
2026.02.03 01:50:12,01:50:12,60,com.sec.android.app.shealth
2026.02.03 02:00:13,02:00:13,63,com.sec.android.app.shealth
2026.02.03 02:10:12,02:10:12,58,com.sec.android.app.shealth
2026.02.03 02:20:15,02:20:15,57,com.sec.android.app.shealth
2026.02.03 02:30:24,02:30:24,72,com.sec.android.app.shealth
2026.02.03 02:40:24,02:40:24,82,com.sec.android.app.shealth
2026.02.03 02:50:15,02:50:15,59,com.sec.android.app.shealth
2026.02.03 03:00:12,03:00:12,58,com.sec.android.app.shealth
2026.02.03 03:10:12,03:10:12,56,com.sec.android.app.shealth
2026.02.03 03:20:24,03:20:24,94,com.sec.android.app.shealth
2026.02.03 03:30:13,03:30:13,59,com.sec.android.app.shealth
2026.02.03 03:40:12,03:40:12,55,com.sec.android.app.shealth
2026.02.03 03:50:16,03:50:16,56,com.sec.android.app.shealth
2026.02.03 04:00:11,04:00:11,56,com.sec.android.app.shealth
2026.02.03 04:10:10,04:10:10,51,com.sec.android.app.shealth
2026.02.03 04:20:12,04:20:12,53,com.sec.android.app.shealth
2026.02.03 04:30:14,04:30:14,53,com.sec.android.app.shealth
2026.02.03 04:40:09,04:40:09,55,com.sec.android.app.shealth
2026.02.03 04:50:09,04:50:09,60,com.sec.android.app.shealth
2026.02.03 05:00:09,05:00:09,59,com.sec.android.app.shealth
2026.02.03 05:10:08,05:10:08,53,com.sec.android.app.shealth
2026.02.03 05:20:09,05:20:09,57,com.sec.android.app.shealth
2026.02.03 05:30:09,05:30:09,57,com.sec.android.app.shealth
2026.02.03 05:40:17,05:40:17,56,com.sec.android.app.shealth
2026.02.03 05:50:12,05:50:12,53,com.sec.android.app.shealth
2026.02.03 06:00:20,06:00:20,88,com.sec.android.app.shealth
2026.02.03 06:10:14,06:10:14,52,com.sec.android.app.shealth
2026.02.03 06:20:11,06:20:11,81,com.sec.android.app.shealth
2026.02.03 07:00:01,07:00:01,64,com.sec.android.app.shealth
2026.02.03 07:10:02,07:10:02,66,com.sec.android.app.shealth
2026.02.03 07:20:01,07:20:01,70,com.sec.android.app.shealth
2026.02.03 07:30:01,07:30:01,79,com.sec.android.app.shealth
2026.02.03 07:40:01,07:40:01,99,com.sec.android.app.shealth
2026.02.03 07:50:01,07:50:01,62,com.sec.android.app.shealth
2026.02.03 08:00:00,08:00:00,76,com.sec.android.app.shealth
2026.02.03 08:10:00,08:10:00,99,com.sec.android.app.shealth
2026.02.03 08:20:00,08:20:00,105,com.sec.android.app.shealth
2026.02.03 08:30:01,08:30:01,73,com.sec.android.app.shealth
2026.02.03 08:40:01,08:40:01,63,com.sec.android.app.shealth
2026.02.03 08:50:01,08:50:01,74,com.sec.android.app.shealth
2026.02.03 09:00:01,09:00:01,94,com.sec.android.app.shealth
2026.02.03 09:10:01,09:10:01,72,com.sec.android.app.shealth
2026.02.03 09:20:02,09:20:02,85,com.sec.android.app.shealth
2026.02.03 09:30:01,09:30:01,63,com.sec.android.app.shealth
2026.02.03 09:40:01,09:40:01,61,com.sec.android.app.shealth
2026.02.03 09:50:02,09:50:02,82,com.sec.android.app.shealth
2026.02.03 10:00:02,10:00:02,76,com.sec.android.app.shealth
2026.02.03 10:10:01,10:10:01,65,com.sec.android.app.shealth
2026.02.03 10:20:01,10:20:01,84,com.sec.android.app.shealth
2026.02.03 10:30:01,10:30:01,67,com.sec.android.app.shealth
2026.02.03 10:40:01,10:40:01,80,com.sec.android.app.shealth
2026.02.03 10:50:02,10:50:02,65,com.sec.android.app.shealth
2026.02.03 11:00:01,11:00:01,64,com.sec.android.app.shealth
2026.02.03 11:10:01,11:10:01,58,com.sec.android.app.shealth
2026.02.03 11:20:02,11:20:02,63,com.sec.android.app.shealth
2026.02.03 11:30:00,11:30:00,65,com.sec.android.app.shealth
2026.02.03 11:40:01,11:40:01,64,com.sec.android.app.shealth
2026.02.03 11:50:01,11:50:01,76,com.sec.android.app.shealth
2026.02.03 12:00:00,12:00:00,91,com.sec.android.app.shealth
2026.02.03 12:10:01,12:10:01,67,com.sec.android.app.shealth
2026.02.03 12:20:00,12:20:00,90,com.sec.android.app.shealth
2026.02.03 12:30:01,12:30:01,82,com.sec.android.app.shealth
2026.02.03 12:40:00,12:40:00,90,com.sec.android.app.shealth
2026.02.03 12:50:01,12:50:01,79,com.sec.android.app.shealth
2026.02.03 13:00:01,13:00:01,84,com.sec.android.app.shealth
2026.02.03 13:10:01,13:10:01,110,com.sec.android.app.shealth
2026.02.03 13:20:01,13:20:01,67,com.sec.android.app.shealth
2026.02.03 13:30:00,13:30:00,72,com.sec.android.app.shealth
2026.02.03 13:40:01,13:40:01,69,com.sec.android.app.shealth
2026.02.03 13:50:01,13:50:01,82,com.sec.android.app.shealth
2026.02.03 14:00:00,14:00:00,78,com.sec.android.app.shealth
2026.02.03 14:10:00,14:10:00,100,com.sec.android.app.shealth
2026.02.03 14:20:01,14:20:01,78,com.sec.android.app.shealth
2026.02.03 14:30:01,14:30:01,66,com.sec.android.app.shealth
2026.02.03 14:40:01,14:40:01,91,com.sec.android.app.shealth
2026.02.03 14:50:01,14:50:01,108,com.sec.android.app.shealth
2026.02.03 15:00:01,15:00:01,104,com.sec.android.app.shealth
2026.02.03 15:10:01,15:10:01,102,com.sec.android.app.shealth
2026.02.03 15:20:01,15:20:01,70,com.sec.android.app.shealth
2026.02.03 15:30:00,15:30:00,69,com.sec.android.app.shealth
2026.02.03 15:40:01,15:40:01,70,com.sec.android.app.shealth
2026.02.03 15:50:01,15:50:01,90,com.sec.android.app.shealth
2026.02.03 16:00:01,16:00:01,77,com.sec.android.app.shealth
2026.02.03 16:10:01,16:10:01,95,com.sec.android.app.shealth
2026.02.03 16:20:01,16:20:01,98,com.sec.android.app.shealth
2026.02.03 16:30:02,16:30:02,71,com.sec.android.app.shealth
2026.02.03 16:40:01,16:40:01,71,com.sec.android.app.shealth
2026.02.03 16:50:00,16:50:00,83,com.sec.android.app.shealth
2026.02.03 17:00:01,17:00:01,70,com.sec.android.app.shealth
2026.02.03 17:10:01,17:10:01,64,com.sec.android.app.shealth
2026.02.03 17:20:01,17:20:01,69,com.sec.android.app.shealth
2026.02.03 17:30:01,17:30:01,65,com.sec.android.app.shealth
2026.02.03 17:40:01,17:40:01,71,com.sec.android.app.shealth
2026.02.03 17:50:01,17:50:01,69,com.sec.android.app.shealth
2026.02.03 18:00:01,18:00:01,88,com.sec.android.app.shealth
2026.02.03 18:10:01,18:10:01,95,com.sec.android.app.shealth
2026.02.03 18:20:00,18:20:00,86,com.sec.android.app.shealth
2026.02.03 18:30:01,18:30:01,71,com.sec.android.app.shealth
2026.02.03 18:40:01,18:40:01,76,com.sec.android.app.shealth
2026.02.03 18:50:00,18:50:00,84,com.sec.android.app.shealth
2026.02.03 19:00:01,19:00:01,80,com.sec.android.app.shealth
2026.02.03 19:10:02,19:10:02,71,com.sec.android.app.shealth
2026.02.03 19:20:01,19:20:01,84,com.sec.android.app.shealth
2026.02.03 19:30:01,19:30:01,71,com.sec.android.app.shealth
2026.02.03 19:40:01,19:40:01,68,com.sec.android.app.shealth
2026.02.03 22:20:01,22:20:01,70,com.sec.android.app.shealth
2026.02.03 22:30:02,22:30:02,62,com.sec.android.app.shealth
2026.02.03 22:40:01,22:40:01,59,com.sec.android.app.shealth
2026.02.03 22:50:01,22:50:01,59,com.sec.android.app.shealth
2026.02.03 23:00:09,23:00:09,57,com.sec.android.app.shealth
2026.02.03 23:10:11,23:10:11,60,com.sec.android.app.shealth
2026.02.03 23:20:09,23:20:09,59,com.sec.android.app.shealth
2026.02.03 23:30:09,23:30:09,63,com.sec.android.app.shealth
2026.02.03 23:40:09,23:40:09,66,com.sec.android.app.shealth
2026.02.03 23:50:10,23:50:10,66,com.sec.android.app.shealth
2026.02.04 00:00:08,00:00:08,62,com.sec.android.app.shealth
2026.02.04 00:10:09,00:10:09,66,com.sec.android.app.shealth
2026.02.04 00:20:09,00:20:09,61,com.sec.android.app.shealth
2026.02.04 00:30:20,00:30:20,87,com.sec.android.app.shealth
2026.02.04 00:40:08,00:40:08,57,com.sec.android.app.shealth
2026.02.04 00:50:09,00:50:09,60,com.sec.android.app.shealth
2026.02.04 01:00:08,01:00:08,58,com.sec.android.app.shealth
2026.02.04 01:10:09,01:10:09,60,com.sec.android.app.shealth
2026.02.04 01:20:08,01:20:08,59,com.sec.android.app.shealth
2026.02.04 01:30:08,01:30:08,66,com.sec.android.app.shealth
2026.02.04 01:40:08,01:40:08,61,com.sec.android.app.shealth
2026.02.04 01:50:09,01:50:09,59,com.sec.android.app.shealth
2026.02.04 02:00:10,02:00:10,58,com.sec.android.app.shealth
2026.02.04 02:10:10,02:10:10,60,com.sec.android.app.shealth
2026.02.04 02:20:13,02:20:13,58,com.sec.android.app.shealth
2026.02.04 02:30:08,02:30:08,54,com.sec.android.app.shealth
2026.02.04 02:40:09,02:40:09,58,com.sec.android.app.shealth
2026.02.04 02:50:08,02:50:08,55,com.sec.android.app.shealth
2026.02.04 03:00:08,03:00:08,56,com.sec.android.app.shealth
2026.02.04 03:10:09,03:10:09,57,com.sec.android.app.shealth
2026.02.04 03:20:08,03:20:08,57,com.sec.android.app.shealth
2026.02.04 03:30:09,03:30:09,58,com.sec.android.app.shealth
2026.02.04 03:40:08,03:40:08,58,com.sec.android.app.shealth
2026.02.04 03:50:09,03:50:09,57,com.sec.android.app.shealth
2026.02.04 04:00:09,04:00:09,54,com.sec.android.app.shealth
2026.02.04 04:10:09,04:10:09,53,com.sec.android.app.shealth
2026.02.04 04:20:13,04:20:13,53,com.sec.android.app.shealth
2026.02.04 04:30:09,04:30:09,53,com.sec.android.app.shealth
2026.02.04 04:40:17,04:40:17,52,com.sec.android.app.shealth
2026.02.04 04:50:13,04:50:13,55,com.sec.android.app.shealth
2026.02.04 05:00:12,05:00:12,55,com.sec.android.app.shealth
2026.02.04 05:10:11,05:10:11,57,com.sec.android.app.shealth
2026.02.04 05:20:10,05:20:10,59,com.sec.android.app.shealth
2026.02.04 05:30:09,05:30:09,60,com.sec.android.app.shealth
2026.02.04 05:40:21,05:40:21,51,com.sec.android.app.shealth
2026.02.04 05:50:09,05:50:09,53,com.sec.android.app.shealth
2026.02.04 06:00:17,06:00:17,52,com.sec.android.app.shealth
2026.02.04 06:10:09,06:10:09,52,com.sec.android.app.shealth
2026.02.04 06:20:11,06:20:11,60,com.sec.android.app.shealth
2026.02.04 06:30:09,06:30:09,60,com.sec.android.app.shealth
2026.02.04 06:40:13,06:40:13,58,com.sec.android.app.shealth
2026.02.04 06:50:18,06:50:18,71,com.sec.android.app.shealth
2026.02.04 07:00:14,07:00:14,53,com.sec.android.app.shealth
2026.02.04 07:10:16,07:10:16,51,com.sec.android.app.shealth
2026.02.04 07:20:21,07:20:21,55,com.sec.android.app.shealth
2026.02.04 07:30:09,07:30:09,51,com.sec.android.app.shealth
2026.02.04 07:40:09,07:40:09,55,com.sec.android.app.shealth
2026.02.04 07:50:11,07:50:11,58,com.sec.android.app.shealth
2026.02.04 08:00:15,08:00:15,99,com.sec.android.app.shealth
2026.02.04 08:10:10,08:10:10,53,com.sec.android.app.shealth
2026.02.04 08:20:18,08:20:18,53,com.sec.android.app.shealth
2026.02.04 11:40:02,11:40:02,105,com.sec.android.app.shealth
2026.02.04 11:50:01,11:50:01,114,com.sec.android.app.shealth
2026.02.04 12:00:01,12:00:01,90,com.sec.android.app.shealth
2026.02.04 12:10:02,12:10:02,77,com.sec.android.app.shealth
2026.02.04 12:20:01,12:20:01,73,com.sec.android.app.shealth
2026.02.04 12:30:00,12:30:00,127,com.sec.android.app.shealth
2026.02.04 12:40:01,12:40:01,113,com.sec.android.app.shealth
2026.02.04 12:50:01,12:50:01,131,com.sec.android.app.shealth
2026.02.04 13:00:00,13:00:00,107,com.sec.android.app.shealth
2026.02.04 13:10:01,13:10:01,98,com.sec.android.app.shealth
2026.02.04 13:20:01,13:20:01,93,com.sec.android.app.shealth
2026.02.04 13:30:01,13:30:01,100,com.sec.android.app.shealth
2026.02.04 13:40:01,13:40:01,119,com.sec.android.app.shealth
2026.02.04 13:50:01,13:50:01,109,com.sec.android.app.shealth
2026.02.04 14:00:01,14:00:01,121,com.sec.android.app.shealth
2026.02.04 14:10:00,14:10:00,117,com.sec.android.app.shealth
2026.02.04 14:20:00,14:20:00,83,com.sec.android.app.shealth
2026.02.04 14:30:01,14:30:01,90,com.sec.android.app.shealth
2026.02.04 14:40:01,14:40:01,75,com.sec.android.app.shealth
2026.02.04 14:50:01,14:50:01,72,com.sec.android.app.shealth
2026.02.04 15:00:01,15:00:01,70,com.sec.android.app.shealth
2026.02.04 15:10:01,15:10:01,72,com.sec.android.app.shealth
2026.02.04 15:20:01,15:20:01,74,com.sec.android.app.shealth
2026.02.04 15:30:01,15:30:01,82,com.sec.android.app.shealth
2026.02.04 15:40:01,15:40:01,81,com.sec.android.app.shealth
2026.02.04 15:50:01,15:50:01,77,com.sec.android.app.shealth
2026.02.04 16:00:01,16:00:01,84,com.sec.android.app.shealth
2026.02.04 16:10:01,16:10:01,74,com.sec.android.app.shealth
2026.02.04 16:20:01,16:20:01,68,com.sec.android.app.shealth
2026.02.04 16:30:02,16:30:02,77,com.sec.android.app.shealth
2026.02.04 16:40:02,16:40:02,66,com.sec.android.app.shealth
2026.02.04 16:50:01,16:50:01,106,com.sec.android.app.shealth
2026.02.04 17:44:00,17:44:00,121,com.sec.android.app.shealth
2026.02.04 17:45:00,17:45:00,101,com.sec.android.app.shealth
2026.02.04 17:46:00,17:46:00,85,com.sec.android.app.shealth
2026.02.04 17:47:00,17:47:00,89,com.sec.android.app.shealth
2026.02.04 17:48:00,17:48:00,118,com.sec.android.app.shealth
2026.02.04 17:49:00,17:49:00,85,com.sec.android.app.shealth
2026.02.04 17:50:00,17:50:00,89,com.sec.android.app.shealth
2026.02.04 17:51:00,17:51:00,93,com.sec.android.app.shealth
2026.02.04 17:52:00,17:52:00,105,com.sec.android.app.shealth
2026.02.04 17:53:00,17:53:00,96,com.sec.android.app.shealth
2026.02.04 17:54:00,17:54:00,86,com.sec.android.app.shealth
2026.02.04 17:55:00,17:55:00,86,com.sec.android.app.shealth
2026.02.04 17:55:00,17:55:00,85,com.sec.android.app.shealth
2026.02.04 17:57:00,17:57:00,99,com.sec.android.app.shealth
2026.02.04 17:58:00,17:58:00,123,com.sec.android.app.shealth
2026.02.04 17:59:00,17:59:00,115,com.sec.android.app.shealth
2026.02.04 17:59:00,17:59:00,122,com.sec.android.app.shealth
2026.02.04 17:00:01,17:00:01,121,com.sec.android.app.shealth
2026.02.04 17:10:00,17:10:00,106,com.sec.android.app.shealth
2026.02.04 17:20:01,17:20:01,100,com.sec.android.app.shealth
2026.02.04 17:30:02,17:30:02,106,com.sec.android.app.shealth
2026.02.04 17:40:01,17:40:01,129,com.sec.android.app.shealth
2026.02.04 18:01:00,18:01:00,132,com.sec.android.app.shealth
2026.02.04 18:01:00,18:01:00,129,com.sec.android.app.shealth
2026.02.04 18:03:00,18:03:00,142,com.sec.android.app.shealth
2026.02.04 18:03:00,18:03:00,103,com.sec.android.app.shealth
2026.02.04 18:05:00,18:05:00,101,com.sec.android.app.shealth
2026.02.04 18:06:00,18:06:00,102,com.sec.android.app.shealth
2026.02.04 18:07:00,18:07:00,101,com.sec.android.app.shealth
2026.02.04 18:08:00,18:08:00,103,com.sec.android.app.shealth
2026.02.04 18:08:00,18:08:00,98,com.sec.android.app.shealth
2026.02.04 18:10:00,18:10:00,97,com.sec.android.app.shealth
2026.02.04 18:11:00,18:11:00,108,com.sec.android.app.shealth
2026.02.04 18:12:00,18:12:00,105,com.sec.android.app.shealth
2026.02.04 18:13:00,18:13:00,105,com.sec.android.app.shealth
2026.02.04 18:14:00,18:14:00,91,com.sec.android.app.shealth
2026.02.04 18:15:00,18:15:00,91,com.sec.android.app.shealth
2026.02.04 18:16:00,18:16:00,93,com.sec.android.app.shealth
2026.02.04 18:17:00,18:17:00,91,com.sec.android.app.shealth
2026.02.04 18:18:00,18:18:00,100,com.sec.android.app.shealth
2026.02.04 18:18:00,18:18:00,118,com.sec.android.app.shealth
2026.02.04 18:20:00,18:20:00,93,com.sec.android.app.shealth
2026.02.04 18:20:00,18:20:00,83,com.sec.android.app.shealth
2026.02.04 18:21:00,18:21:00,82,com.sec.android.app.shealth
2026.02.04 18:23:00,18:23:00,82,com.sec.android.app.shealth
2026.02.04 18:24:00,18:24:00,92,com.sec.android.app.shealth
2026.02.04 18:25:00,18:25:00,96,com.sec.android.app.shealth
2026.02.04 18:25:00,18:25:00,100,com.sec.android.app.shealth
2026.02.04 18:27:00,18:27:00,112,com.sec.android.app.shealth
2026.02.04 18:28:00,18:28:00,105,com.sec.android.app.shealth
2026.02.04 18:29:00,18:29:00,101,com.sec.android.app.shealth
2026.02.04 18:30:00,18:30:00,100,com.sec.android.app.shealth
2026.02.04 18:31:00,18:31:00,93,com.sec.android.app.shealth
2026.02.04 18:32:00,18:32:00,94,com.sec.android.app.shealth
2026.02.04 18:33:00,18:33:00,93,com.sec.android.app.shealth
2026.02.04 18:33:00,18:33:00,102,com.sec.android.app.shealth
2026.02.04 18:34:00,18:34:00,108,com.sec.android.app.shealth
2026.02.04 18:36:00,18:36:00,98,com.sec.android.app.shealth
2026.02.04 18:37:00,18:37:00,97,com.sec.android.app.shealth
2026.02.04 18:37:00,18:37:00,98,com.sec.android.app.shealth
2026.02.04 18:39:00,18:39:00,100,com.sec.android.app.shealth
2026.02.04 18:40:00,18:40:00,82,com.sec.android.app.shealth
2026.02.04 18:41:00,18:41:00,78,com.sec.android.app.shealth
2026.02.04 18:42:00,18:42:00,85,com.sec.android.app.shealth
2026.02.04 18:43:00,18:43:00,87,com.sec.android.app.shealth
2026.02.04 18:43:00,18:43:00,100,com.sec.android.app.shealth
2026.02.04 18:44:00,18:44:00,112,com.sec.android.app.shealth
2026.02.04 18:44:13,18:44:13,115,com.sec.android.app.shealth
2026.02.04 18:50:01,18:50:01,102,com.sec.android.app.shealth
2026.02.04 19:00:01,19:00:01,83,com.sec.android.app.shealth
2026.02.04 19:10:02,19:10:02,71,com.sec.android.app.shealth
2026.02.04 19:20:02,19:20:02,74,com.sec.android.app.shealth
2026.02.04 19:30:01,19:30:01,71,com.sec.android.app.shealth
2026.02.04 19:40:01,19:40:01,91,com.sec.android.app.shealth
2026.02.04 19:50:01,19:50:01,65,com.sec.android.app.shealth
2026.02.04 20:00:02,20:00:02,81,com.sec.android.app.shealth
2026.02.04 20:04:01,20:04:01,76,com.sec.android.app.shealth
2026.02.04 20:10:01,20:10:01,69,com.sec.android.app.shealth
2026.02.04 20:20:01,20:20:01,70,com.sec.android.app.shealth
2026.02.04 20:30:01,20:30:01,77,com.sec.android.app.shealth
2026.02.04 20:40:01,20:40:01,87,com.sec.android.app.shealth
2026.02.04 20:50:01,20:50:01,69,com.sec.android.app.shealth
2026.02.04 21:00:01,21:00:01,77,com.sec.android.app.shealth
2026.02.04 21:10:01,21:10:01,70,com.sec.android.app.shealth
2026.02.04 21:20:01,21:20:01,73,com.sec.android.app.shealth
2026.02.04 21:30:01,21:30:01,66,com.sec.android.app.shealth
2026.02.04 21:40:01,21:40:01,71,com.sec.android.app.shealth
2026.02.04 21:50:02,21:50:02,70,com.sec.android.app.shealth
2026.02.04 22:00:01,22:00:01,110,com.sec.android.app.shealth
2026.02.05 00:20:01,00:20:01,53,com.sec.android.app.shealth
2026.02.05 00:30:00,00:30:00,52,com.sec.android.app.shealth
2026.02.05 00:40:01,00:40:01,59,com.sec.android.app.shealth
2026.02.05 00:50:01,00:50:01,60,com.sec.android.app.shealth
2026.02.05 01:00:02,01:00:02,49,com.sec.android.app.shealth
2026.02.05 01:10:09,01:10:09,52,com.sec.android.app.shealth
2026.02.05 01:20:08,01:20:08,54,com.sec.android.app.shealth
2026.02.05 01:30:09,01:30:09,52,com.sec.android.app.shealth
2026.02.05 01:40:12,01:40:12,54,com.sec.android.app.shealth
2026.02.05 01:50:09,01:50:09,52,com.sec.android.app.shealth
2026.02.05 02:00:11,02:00:11,76,com.sec.android.app.shealth
2026.02.05 02:10:09,02:10:09,57,com.sec.android.app.shealth
2026.02.05 02:20:11,02:20:11,58,com.sec.android.app.shealth
2026.02.05 02:30:10,02:30:10,61,com.sec.android.app.shealth
2026.02.05 02:40:08,02:40:08,57,com.sec.android.app.shealth
2026.02.05 02:50:09,02:50:09,63,com.sec.android.app.shealth
2026.02.05 03:00:21,03:00:21,94,com.sec.android.app.shealth
2026.02.05 03:10:21,03:10:21,91,com.sec.android.app.shealth
2026.02.05 03:20:14,03:20:14,103,com.sec.android.app.shealth
2026.02.05 03:30:09,03:30:09,58,com.sec.android.app.shealth
2026.02.05 03:40:11,03:40:11,62,com.sec.android.app.shealth
2026.02.05 03:50:09,03:50:09,63,com.sec.android.app.shealth
2026.02.05 04:00:19,04:00:19,55,com.sec.android.app.shealth
2026.02.05 04:10:21,04:10:21,53,com.sec.android.app.shealth
2026.02.05 04:20:09,04:20:09,54,com.sec.android.app.shealth
2026.02.05 04:30:11,04:30:11,56,com.sec.android.app.shealth
2026.02.05 04:40:11,04:40:11,57,com.sec.android.app.shealth
2026.02.05 04:50:19,04:50:19,53,com.sec.android.app.shealth
2026.02.05 05:00:11,05:00:11,53,com.sec.android.app.shealth
2026.02.05 05:10:10,05:10:10,55,com.sec.android.app.shealth
2026.02.05 05:20:18,05:20:18,53,com.sec.android.app.shealth
2026.02.05 05:30:09,05:30:09,56,com.sec.android.app.shealth
2026.02.05 05:40:09,05:40:09,63,com.sec.android.app.shealth
2026.02.05 05:50:10,05:50:10,68,com.sec.android.app.shealth
2026.02.05 06:00:21,06:00:21,64,com.sec.android.app.shealth
2026.02.05 06:10:10,06:10:10,54,com.sec.android.app.shealth
2026.02.05 06:20:22,06:20:22,83,com.sec.android.app.shealth
2026.02.05 06:30:21,06:30:21,88,com.sec.android.app.shealth
2026.02.05 06:40:09,06:40:09,54,com.sec.android.app.shealth
2026.02.05 06:50:18,06:50:18,51,com.sec.android.app.shealth
2026.02.05 07:00:10,07:00:10,52,com.sec.android.app.shealth
2026.02.05 07:10:14,07:10:14,82,com.sec.android.app.shealth
2026.02.05 07:20:09,07:20:09,57,com.sec.android.app.shealth
2026.02.05 07:30:12,07:30:12,60,com.sec.android.app.shealth
2026.02.05 07:40:20,07:40:20,62,com.sec.android.app.shealth
2026.02.05 07:50:09,07:50:09,58,com.sec.android.app.shealth
2026.02.05 08:00:21,08:00:21,86,com.sec.android.app.shealth
2026.02.05 08:10:11,08:10:11,61,com.sec.android.app.shealth
2026.02.05 08:20:10,08:20:10,59,com.sec.android.app.shealth
2026.02.05 08:30:09,08:30:09,56,com.sec.android.app.shealth
2026.02.05 08:40:10,08:40:10,85,com.sec.android.app.shealth
2026.02.05 08:50:13,08:50:13,91,com.sec.android.app.shealth
2026.02.05 09:00:13,09:00:13,74,com.sec.android.app.shealth
2026.02.05 09:10:09,09:10:09,58,com.sec.android.app.shealth
2026.02.05 09:20:02,09:20:02,50,com.sec.android.app.shealth
2026.02.05 09:30:59,09:30:59,41,com.sec.android.app.shealth
2026.02.05 09:40:01,09:40:01,62,com.sec.android.app.shealth
2026.02.05 09:50:02,09:50:02,62,com.sec.android.app.shealth
2026.02.05 10:00:02,10:00:02,76,com.sec.android.app.shealth
2026.02.05 10:10:01,10:10:01,107,com.sec.android.app.shealth
2026.02.05 10:20:02,10:20:02,79,com.sec.android.app.shealth
2026.02.05 10:30:02,10:30:02,72,com.sec.android.app.shealth
2026.02.05 10:40:02,10:40:02,62,com.sec.android.app.shealth
2026.02.05 10:50:01,10:50:01,65,com.sec.android.app.shealth
2026.02.05 11:00:01,11:00:01,74,com.sec.android.app.shealth
2026.02.05 11:10:02,11:10:02,81,com.sec.android.app.shealth
2026.02.05 11:20:01,11:20:01,81,com.sec.android.app.shealth
2026.02.05 11:30:01,11:30:01,71,com.sec.android.app.shealth
2026.02.05 11:40:02,11:40:02,67,com.sec.android.app.shealth
2026.02.05 11:50:02,11:50:02,70,com.sec.android.app.shealth
2026.02.05 12:00:01,12:00:01,99,com.sec.android.app.shealth
2026.02.05 12:10:01,12:10:01,87,com.sec.android.app.shealth
2026.02.05 12:20:02,12:20:02,102,com.sec.android.app.shealth
2026.02.05 12:30:02,12:30:02,117,com.sec.android.app.shealth
2026.02.05 12:40:01,12:40:01,112,com.sec.android.app.shealth
2026.02.05 12:50:02,12:50:02,123,com.sec.android.app.shealth
2026.02.05 13:00:02,13:00:02,92,com.sec.android.app.shealth
2026.02.05 13:10:01,13:10:01,75,com.sec.android.app.shealth
2026.02.05 13:20:01,13:20:01,79,com.sec.android.app.shealth
2026.02.05 13:30:02,13:30:02,73,com.sec.android.app.shealth
2026.02.05 13:40:01,13:40:01,74,com.sec.android.app.shealth
2026.02.05 13:50:01,13:50:01,65,com.sec.android.app.shealth
2026.02.05 14:00:02,14:00:02,70,com.sec.android.app.shealth
2026.02.05 14:10:02,14:10:02,72,com.sec.android.app.shealth
2026.02.05 14:20:02,14:20:02,65,com.sec.android.app.shealth
2026.02.05 14:30:01,14:30:01,94,com.sec.android.app.shealth
2026.02.05 14:40:01,14:40:01,70,com.sec.android.app.shealth
2026.02.05 14:50:02,14:50:02,63,com.sec.android.app.shealth
2026.02.05 15:00:02,15:00:02,69,com.sec.android.app.shealth
2026.02.05 15:10:01,15:10:01,62,com.sec.android.app.shealth
2026.02.05 15:20:01,15:20:01,62,com.sec.android.app.shealth
2026.02.05 15:30:02,15:30:02,91,com.sec.android.app.shealth
2026.02.05 15:40:02,15:40:02,62,com.sec.android.app.shealth
2026.02.05 15:50:02,15:50:02,79,com.sec.android.app.shealth
2026.02.05 16:00:01,16:00:01,93,com.sec.android.app.shealth
2026.02.05 16:10:01,16:10:01,126,com.sec.android.app.shealth
2026.02.05 16:20:01,16:20:01,82,com.sec.android.app.shealth
2026.02.05 16:30:02,16:30:02,88,com.sec.android.app.shealth
2026.02.05 16:40:00,16:40:00,84,com.sec.android.app.shealth
2026.02.05 16:50:01,16:50:01,71,com.sec.android.app.shealth
2026.02.05 17:00:02,17:00:02,87,com.sec.android.app.shealth
2026.02.05 17:10:02,17:10:02,79,com.sec.android.app.shealth
2026.02.05 17:20:01,17:20:01,68,com.sec.android.app.shealth
2026.02.05 17:30:01,17:30:01,77,com.sec.android.app.shealth
2026.02.05 17:40:02,17:40:02,70,com.sec.android.app.shealth
2026.02.05 17:50:02,17:50:02,101,com.sec.android.app.shealth
2026.02.05 18:00:01,18:00:01,84,com.sec.android.app.shealth
2026.02.05 18:10:01,18:10:01,78,com.sec.android.app.shealth
2026.02.05 18:20:01,18:20:01,102,com.sec.android.app.shealth
2026.02.05 18:30:00,18:30:00,111,com.sec.android.app.shealth
2026.02.05 18:40:01,18:40:01,112,com.sec.android.app.shealth
2026.02.05 18:50:01,18:50:01,85,com.sec.android.app.shealth
2026.02.05 19:00:02,19:00:02,86,com.sec.android.app.shealth
2026.02.05 19:10:02,19:10:02,85,com.sec.android.app.shealth
2026.02.05 19:20:01,19:20:01,80,com.sec.android.app.shealth
2026.02.05 19:30:01,19:30:01,84,com.sec.android.app.shealth
2026.02.05 19:40:02,19:40:02,89,com.sec.android.app.shealth
2026.02.05 19:50:01,19:50:01,102,com.sec.android.app.shealth
2026.02.05 20:00:01,20:00:01,100,com.sec.android.app.shealth
2026.02.05 20:10:01,20:10:01,78,com.sec.android.app.shealth
2026.02.05 20:20:02,20:20:02,78,com.sec.android.app.shealth
2026.02.05 20:30:01,20:30:01,72,com.sec.android.app.shealth
2026.02.05 20:40:01,20:40:01,69,com.sec.android.app.shealth
2026.02.05 20:50:02,20:50:02,66,com.sec.android.app.shealth
2026.02.05 21:00:01,21:00:01,66,com.sec.android.app.shealth
2026.02.05 21:10:01,21:10:01,85,com.sec.android.app.shealth
2026.02.05 21:20:01,21:20:01,91,com.sec.android.app.shealth
2026.02.05 21:30:01,21:30:01,96,com.sec.android.app.shealth
2026.02.05 21:40:02,21:40:02,70,com.sec.android.app.shealth
2026.02.05 21:50:01,21:50:01,67,com.sec.android.app.shealth
2026.02.05 22:00:02,22:00:02,63,com.sec.android.app.shealth
2026.02.05 22:10:01,22:10:01,74,com.sec.android.app.shealth
2026.02.05 22:20:01,22:20:01,74,com.sec.android.app.shealth
2026.02.05 22:30:01,22:30:01,65,com.sec.android.app.shealth
2026.02.05 22:40:01,22:40:01,68,com.sec.android.app.shealth
2026.02.05 22:50:01,22:50:01,65,com.sec.android.app.shealth
2026.02.05 23:00:01,23:00:01,66,com.sec.android.app.shealth
2026.02.05 23:10:01,23:10:01,110,com.sec.android.app.shealth
2026.02.05 23:20:01,23:20:01,71,com.sec.android.app.shealth
2026.02.05 23:30:01,23:30:01,65,com.sec.android.app.shealth
2026.02.05 23:40:01,23:40:01,71,com.sec.android.app.shealth
2026.02.05 23:50:01,23:50:01,71,com.sec.android.app.shealth
2026.02.06 00:00:02,00:00:02,76,com.sec.android.app.shealth
2026.02.06 00:10:02,00:10:02,75,com.sec.android.app.shealth
2026.02.06 00:20:01,00:20:01,74,com.sec.android.app.shealth
2026.02.06 00:30:01,00:30:01,65,com.sec.android.app.shealth
2026.02.06 00:40:00,00:40:00,67,com.sec.android.app.shealth
2026.02.06 00:50:00,00:50:00,98,com.sec.android.app.shealth
2026.02.06 01:00:00,01:00:00,56,com.sec.android.app.shealth
2026.02.06 01:10:01,01:10:01,56,com.sec.android.app.shealth
2026.02.06 01:20:01,01:20:01,56,com.sec.android.app.shealth
2026.02.06 01:30:00,01:30:00,56,com.sec.android.app.shealth
2026.02.06 01:40:08,01:40:08,58,com.sec.android.app.shealth
2026.02.06 01:50:08,01:50:08,60,com.sec.android.app.shealth
2026.02.06 02:00:10,02:00:10,59,com.sec.android.app.shealth
2026.02.06 02:10:08,02:10:08,55,com.sec.android.app.shealth
2026.02.06 02:20:08,02:20:08,60,com.sec.android.app.shealth
2026.02.06 02:30:09,02:30:09,61,com.sec.android.app.shealth
2026.02.06 02:40:09,02:40:09,61,com.sec.android.app.shealth
2026.02.06 02:50:08,02:50:08,60,com.sec.android.app.shealth
2026.02.06 03:00:09,03:00:09,56,com.sec.android.app.shealth
2026.02.06 03:10:09,03:10:09,56,com.sec.android.app.shealth
2026.02.06 03:20:09,03:20:09,54,com.sec.android.app.shealth
2026.02.06 03:30:21,03:30:21,70,com.sec.android.app.shealth
2026.02.06 03:40:12,03:40:12,96,com.sec.android.app.shealth
2026.02.06 03:50:10,03:50:10,51,com.sec.android.app.shealth
2026.02.06 04:00:11,04:00:11,56,com.sec.android.app.shealth
2026.02.06 04:10:09,04:10:09,56,com.sec.android.app.shealth
2026.02.06 04:20:09,04:20:09,62,com.sec.android.app.shealth
2026.02.06 04:30:15,04:30:15,64,com.sec.android.app.shealth
2026.02.06 04:40:09,04:40:09,61,com.sec.android.app.shealth
2026.02.06 04:50:09,04:50:09,54,com.sec.android.app.shealth
2026.02.06 05:00:09,05:00:09,50,com.sec.android.app.shealth
2026.02.06 05:10:08,05:10:08,52,com.sec.android.app.shealth
2026.02.06 05:20:09,05:20:09,55,com.sec.android.app.shealth
2026.02.06 05:30:09,05:30:09,59,com.sec.android.app.shealth
2026.02.06 05:40:11,05:40:11,54,com.sec.android.app.shealth
2026.02.06 05:50:21,05:50:21,52,com.sec.android.app.shealth
2026.02.06 06:00:20,06:00:20,63,com.sec.android.app.shealth
2026.02.06 06:10:20,06:10:20,89,com.sec.android.app.shealth
2026.02.06 06:20:20,06:20:20,84,com.sec.android.app.shealth
2026.02.06 06:30:20,06:30:20,89,com.sec.android.app.shealth
2026.02.06 07:00:01,07:00:01,114,com.sec.android.app.shealth
2026.02.06 07:10:01,07:10:01,111,com.sec.android.app.shealth
2026.02.06 07:20:00,07:20:00,92,com.sec.android.app.shealth
2026.02.06 07:30:01,07:30:01,97,com.sec.android.app.shealth
2026.02.06 07:40:01,07:40:01,62,com.sec.android.app.shealth
2026.02.06 07:50:02,07:50:02,58,com.sec.android.app.shealth
2026.02.06 08:00:01,08:00:01,70,com.sec.android.app.shealth
2026.02.06 08:10:00,08:10:00,89,com.sec.android.app.shealth
2026.02.06 08:20:01,08:20:01,91,com.sec.android.app.shealth
2026.02.06 08:30:01,08:30:01,89,com.sec.android.app.shealth
2026.02.06 08:40:00,08:40:00,66,com.sec.android.app.shealth
2026.02.06 08:50:00,08:50:00,71,com.sec.android.app.shealth
2026.02.06 09:00:01,09:00:01,68,com.sec.android.app.shealth
2026.02.06 09:10:02,09:10:02,89,com.sec.android.app.shealth
2026.02.06 09:20:00,09:20:00,82,com.sec.android.app.shealth
2026.02.06 09:30:00,09:30:00,80,com.sec.android.app.shealth
2026.02.06 09:40:01,09:40:01,79,com.sec.android.app.shealth
2026.02.06 09:50:01,09:50:01,89,com.sec.android.app.shealth
2026.02.06 10:00:01,10:00:01,80,com.sec.android.app.shealth
2026.02.06 10:10:01,10:10:01,80,com.sec.android.app.shealth
2026.02.06 10:20:01,10:20:01,80,com.sec.android.app.shealth
2026.02.06 10:30:01,10:30:01,81,com.sec.android.app.shealth
2026.02.06 10:40:01,10:40:01,72,com.sec.android.app.shealth
2026.02.06 10:50:01,10:50:01,94,com.sec.android.app.shealth
2026.02.06 11:00:01,11:00:01,68,com.sec.android.app.shealth
2026.02.06 11:10:00,11:10:00,68,com.sec.android.app.shealth
2026.02.06 11:20:00,11:20:00,63,com.sec.android.app.shealth
2026.02.06 11:30:01,11:30:01,73,com.sec.android.app.shealth
2026.02.06 11:40:01,11:40:01,54,com.sec.android.app.shealth
2026.02.06 11:50:00,11:50:00,73,com.sec.android.app.shealth
2026.02.06 12:00:00,12:00:00,78,com.sec.android.app.shealth
2026.02.06 12:10:01,12:10:01,88,com.sec.android.app.shealth
2026.02.06 12:20:01,12:20:01,90,com.sec.android.app.shealth
2026.02.06 12:30:01,12:30:01,92,com.sec.android.app.shealth
2026.02.06 12:40:00,12:40:00,90,com.sec.android.app.shealth
2026.02.06 12:50:01,12:50:01,74,com.sec.android.app.shealth
2026.02.06 13:00:02,13:00:02,78,com.sec.android.app.shealth
2026.02.06 13:10:01,13:10:01,75,com.sec.android.app.shealth
2026.02.06 13:20:01,13:20:01,80,com.sec.android.app.shealth
2026.02.06 13:30:01,13:30:01,95,com.sec.android.app.shealth
2026.02.06 13:40:01,13:40:01,105,com.sec.android.app.shealth
2026.02.06 13:50:01,13:50:01,104,com.sec.android.app.shealth
2026.02.06 14:00:01,14:00:01,67,com.sec.android.app.shealth
2026.02.06 14:10:02,14:10:02,78,com.sec.android.app.shealth
2026.02.06 14:20:01,14:20:01,67,com.sec.android.app.shealth
2026.02.06 14:30:01,14:30:01,66,com.sec.android.app.shealth
2026.02.06 14:40:02,14:40:02,96,com.sec.android.app.shealth
2026.02.06 14:50:01,14:50:01,94,com.sec.android.app.shealth
2026.02.06 15:00:01,15:00:01,110,com.sec.android.app.shealth
2026.02.06 15:10:01,15:10:01,139,com.sec.android.app.shealth
2026.02.06 15:20:01,15:20:01,96,com.sec.android.app.shealth
2026.02.06 15:30:02,15:30:02,99,com.sec.android.app.shealth
2026.02.06 15:40:01,15:40:01,83,com.sec.android.app.shealth
2026.02.06 15:50:01,15:50:01,80,com.sec.android.app.shealth
2026.02.06 16:00:01,16:00:01,76,com.sec.android.app.shealth
2026.02.06 16:10:01,16:10:01,81,com.sec.android.app.shealth
2026.02.06 16:20:01,16:20:01,77,com.sec.android.app.shealth
2026.02.06 16:30:01,16:30:01,87,com.sec.android.app.shealth
2026.02.06 16:40:01,16:40:01,89,com.sec.android.app.shealth
2026.02.06 16:50:01,16:50:01,99,com.sec.android.app.shealth
2026.02.06 17:00:01,17:00:01,98,com.sec.android.app.shealth
2026.02.06 17:10:01,17:10:01,93,com.sec.android.app.shealth
2026.02.06 17:20:01,17:20:01,79,com.sec.android.app.shealth
2026.02.06 17:30:01,17:30:01,94,com.sec.android.app.shealth
2026.02.06 17:40:02,17:40:02,113,com.sec.android.app.shealth
2026.02.06 17:50:01,17:50:01,98,com.sec.android.app.shealth
2026.02.06 18:00:01,18:00:01,71,com.sec.android.app.shealth
2026.02.06 18:10:02,18:10:02,65,com.sec.android.app.shealth
2026.02.06 18:20:02,18:20:02,111,com.sec.android.app.shealth
2026.02.06 18:30:02,18:30:02,105,com.sec.android.app.shealth
2026.02.06 18:40:01,18:40:01,87,com.sec.android.app.shealth
2026.02.06 18:50:02,18:50:02,97,com.sec.android.app.shealth
2026.02.06 19:00:02,19:00:02,76,com.sec.android.app.shealth
2026.02.06 19:10:01,19:10:01,84,com.sec.android.app.shealth
2026.02.06 19:20:01,19:20:01,95,com.sec.android.app.shealth
2026.02.06 19:30:02,19:30:02,88,com.sec.android.app.shealth
2026.02.06 19:40:02,19:40:02,79,com.sec.android.app.shealth
2026.02.06 19:50:01,19:50:01,82,com.sec.android.app.shealth
2026.02.06 20:00:01,20:00:01,85,com.sec.android.app.shealth
2026.02.06 20:10:01,20:10:01,89,com.sec.android.app.shealth
2026.02.06 20:20:02,20:20:02,79,com.sec.android.app.shealth
2026.02.06 20:30:02,20:30:02,93,com.sec.android.app.shealth
2026.02.06 20:40:01,20:40:01,71,com.sec.android.app.shealth
2026.02.06 20:50:01,20:50:01,74,com.sec.android.app.shealth
2026.02.06 21:00:02,21:00:02,82,com.sec.android.app.shealth
2026.02.06 21:10:02,21:10:02,83,com.sec.android.app.shealth
2026.02.06 21:20:01,21:20:01,89,com.sec.android.app.shealth
2026.02.06 21:30:02,21:30:02,75,com.sec.android.app.shealth
2026.02.06 21:40:02,21:40:02,75,com.sec.android.app.shealth
2026.02.06 21:50:02,21:50:02,83,com.sec.android.app.shealth
2026.02.06 22:00:01,22:00:01,71,com.sec.android.app.shealth
2026.02.06 23:00:01,23:00:01,62,com.sec.android.app.shealth
2026.02.06 23:10:01,23:10:01,60,com.sec.android.app.shealth
2026.02.06 23:20:01,23:20:01,63,com.sec.android.app.shealth
2026.02.06 23:30:00,23:30:00,74,com.sec.android.app.shealth
2026.02.06 23:40:00,23:40:00,56,com.sec.android.app.shealth
2026.02.06 23:50:01,23:50:01,54,com.sec.android.app.shealth
2026.02.07 00:00:09,00:00:09,55,com.sec.android.app.shealth
2026.02.07 00:10:09,00:10:09,57,com.sec.android.app.shealth
2026.02.07 00:20:09,00:20:09,56,com.sec.android.app.shealth
2026.02.07 00:30:09,00:30:09,58,com.sec.android.app.shealth
2026.02.07 00:40:10,00:40:10,56,com.sec.android.app.shealth
2026.02.07 00:50:09,00:50:09,69,com.sec.android.app.shealth
2026.02.07 01:00:08,01:00:08,78,com.sec.android.app.shealth
2026.02.07 01:10:09,01:10:09,62,com.sec.android.app.shealth
2026.02.07 01:20:09,01:20:09,55,com.sec.android.app.shealth
2026.02.07 01:30:09,01:30:09,58,com.sec.android.app.shealth
2026.02.07 01:40:09,01:40:09,54,com.sec.android.app.shealth
2026.02.07 01:50:09,01:50:09,55,com.sec.android.app.shealth
2026.02.07 02:00:14,02:00:14,55,com.sec.android.app.shealth
2026.02.07 02:10:09,02:10:09,61,com.sec.android.app.shealth
2026.02.07 02:20:09,02:20:09,62,com.sec.android.app.shealth
2026.02.07 02:30:09,02:30:09,54,com.sec.android.app.shealth
2026.02.07 02:40:09,02:40:09,67,com.sec.android.app.shealth
2026.02.07 02:50:08,02:50:08,68,com.sec.android.app.shealth
2026.02.07 03:00:09,03:00:09,58,com.sec.android.app.shealth
2026.02.07 03:10:11,03:10:11,59,com.sec.android.app.shealth
2026.02.07 03:20:09,03:20:09,58,com.sec.android.app.shealth
2026.02.07 03:30:09,03:30:09,56,com.sec.android.app.shealth
2026.02.07 03:40:11,03:40:11,84,com.sec.android.app.shealth
2026.02.07 03:50:09,03:50:09,52,com.sec.android.app.shealth
2026.02.07 04:00:09,04:00:09,50,com.sec.android.app.shealth
2026.02.07 04:10:09,04:10:09,50,com.sec.android.app.shealth
2026.02.07 04:20:09,04:20:09,52,com.sec.android.app.shealth
2026.02.07 04:30:10,04:30:10,57,com.sec.android.app.shealth
2026.02.07 04:40:09,04:40:09,61,com.sec.android.app.shealth
2026.02.07 04:50:09,04:50:09,85,com.sec.android.app.shealth
2026.02.07 05:00:08,05:00:08,56,com.sec.android.app.shealth
2026.02.07 05:10:08,05:10:08,53,com.sec.android.app.shealth
2026.02.07 05:20:08,05:20:08,57,com.sec.android.app.shealth
2026.02.07 05:30:08,05:30:08,54,com.sec.android.app.shealth
2026.02.07 05:40:10,05:40:10,53,com.sec.android.app.shealth
2026.02.07 05:50:16,05:50:16,48,com.sec.android.app.shealth
2026.02.07 06:00:21,06:00:21,96,com.sec.android.app.shealth
2026.02.07 06:10:11,06:10:11,59,com.sec.android.app.shealth
2026.02.07 06:20:10,06:20:10,58,com.sec.android.app.shealth
2026.02.07 06:30:08,06:30:08,61,com.sec.android.app.shealth
2026.02.07 06:40:08,06:40:08,60,com.sec.android.app.shealth
2026.02.07 06:50:12,06:50:12,97,com.sec.android.app.shealth
2026.02.07 07:30:01,07:30:01,99,com.sec.android.app.shealth
2026.02.07 07:40:00,07:40:00,85,com.sec.android.app.shealth
2026.02.07 07:50:00,07:50:00,82,com.sec.android.app.shealth
2026.02.07 08:00:01,08:00:01,83,com.sec.android.app.shealth
2026.02.07 08:10:00,08:10:00,90,com.sec.android.app.shealth
2026.02.07 08:20:01,08:20:01,107,com.sec.android.app.shealth
2026.02.07 08:30:01,08:30:01,103,com.sec.android.app.shealth
2026.02.07 08:40:01,08:40:01,86,com.sec.android.app.shealth
2026.02.07 08:50:01,08:50:01,106,com.sec.android.app.shealth
2026.02.07 09:00:01,09:00:01,106,com.sec.android.app.shealth
2026.02.07 09:10:01,09:10:01,89,com.sec.android.app.shealth
2026.02.07 09:20:01,09:20:01,100,com.sec.android.app.shealth
2026.02.07 09:30:01,09:30:01,91,com.sec.android.app.shealth
2026.02.07 09:40:01,09:40:01,97,com.sec.android.app.shealth
2026.02.07 09:50:01,09:50:01,87,com.sec.android.app.shealth
2026.02.07 10:00:00,10:00:00,93,com.sec.android.app.shealth
2026.02.07 10:10:01,10:10:01,95,com.sec.android.app.shealth
2026.02.07 10:20:01,10:20:01,109,com.sec.android.app.shealth
2026.02.07 10:30:00,10:30:00,94,com.sec.android.app.shealth
2026.02.07 10:40:02,10:40:02,105,com.sec.android.app.shealth
2026.02.07 10:50:01,10:50:01,99,com.sec.android.app.shealth
2026.02.07 11:00:01,11:00:01,94,com.sec.android.app.shealth
2026.02.07 11:10:01,11:10:01,110,com.sec.android.app.shealth
2026.02.07 11:20:02,11:20:02,105,com.sec.android.app.shealth
2026.02.07 11:30:02,11:30:02,91,com.sec.android.app.shealth
2026.02.07 11:40:01,11:40:01,100,com.sec.android.app.shealth
2026.02.07 11:50:01,11:50:01,97,com.sec.android.app.shealth
2026.02.07 12:00:01,12:00:01,103,com.sec.android.app.shealth
2026.02.07 12:10:02,12:10:02,90,com.sec.android.app.shealth
2026.02.07 12:20:02,12:20:02,94,com.sec.android.app.shealth
2026.02.07 12:30:01,12:30:01,93,com.sec.android.app.shealth
2026.02.07 12:40:02,12:40:02,95,com.sec.android.app.shealth
2026.02.07 12:50:01,12:50:01,94,com.sec.android.app.shealth
2026.02.07 13:00:02,13:00:02,84,com.sec.android.app.shealth
2026.02.07 13:10:01,13:10:01,87,com.sec.android.app.shealth
2026.02.07 13:20:02,13:20:02,86,com.sec.android.app.shealth
2026.02.07 13:30:02,13:30:02,85,com.sec.android.app.shealth
2026.02.07 13:40:01,13:40:01,83,com.sec.android.app.shealth
2026.02.07 13:50:01,13:50:01,85,com.sec.android.app.shealth
2026.02.07 14:00:02,14:00:02,88,com.sec.android.app.shealth
2026.02.07 14:10:01,14:10:01,79,com.sec.android.app.shealth
2026.02.07 14:20:02,14:20:02,90,com.sec.android.app.shealth
2026.02.07 14:30:01,14:30:01,85,com.sec.android.app.shealth
2026.02.07 14:40:01,14:40:01,88,com.sec.android.app.shealth
2026.02.07 14:50:02,14:50:02,78,com.sec.android.app.shealth
2026.02.07 15:00:02,15:00:02,101,com.sec.android.app.shealth
2026.02.07 15:10:01,15:10:01,88,com.sec.android.app.shealth
2026.02.07 15:20:01,15:20:01,96,com.sec.android.app.shealth
2026.02.07 15:30:02,15:30:02,100,com.sec.android.app.shealth
2026.02.07 15:40:01,15:40:01,91,com.sec.android.app.shealth
2026.02.07 15:50:01,15:50:01,84,com.sec.android.app.shealth
2026.02.07 16:00:02,16:00:02,92,com.sec.android.app.shealth
2026.02.07 16:10:02,16:10:02,92,com.sec.android.app.shealth
2026.02.07 16:20:02,16:20:02,83,com.sec.android.app.shealth
2026.02.07 16:30:01,16:30:01,89,com.sec.android.app.shealth
2026.02.07 16:40:01,16:40:01,95,com.sec.android.app.shealth
2026.02.07 16:50:02,16:50:02,90,com.sec.android.app.shealth
2026.02.07 17:00:02,17:00:02,92,com.sec.android.app.shealth
2026.02.07 17:10:01,17:10:01,93,com.sec.android.app.shealth
2026.02.07 17:20:02,17:20:02,90,com.sec.android.app.shealth
2026.02.07 17:30:02,17:30:02,91,com.sec.android.app.shealth
2026.02.07 17:40:02,17:40:02,80,com.sec.android.app.shealth
2026.02.07 17:50:01,17:50:01,95,com.sec.android.app.shealth
2026.02.07 18:00:01,18:00:01,88,com.sec.android.app.shealth
2026.02.07 18:10:02,18:10:02,89,com.sec.android.app.shealth
2026.02.07 18:20:02,18:20:02,87,com.sec.android.app.shealth
2026.02.07 18:30:01,18:30:01,80,com.sec.android.app.shealth
2026.02.07 18:40:02,18:40:02,81,com.sec.android.app.shealth
2026.02.07 18:50:01,18:50:01,94,com.sec.android.app.shealth
2026.02.07 19:00:01,19:00:01,92,com.sec.android.app.shealth
2026.02.07 19:10:01,19:10:01,87,com.sec.android.app.shealth
2026.02.07 19:20:01,19:20:01,93,com.sec.android.app.shealth
2026.02.07 19:28:21,19:28:21,82,com.sec.android.app.shealth
2026.02.07 19:30:01,19:30:01,87,com.sec.android.app.shealth
2026.02.07 19:40:02,19:40:02,109,com.sec.android.app.shealth
2026.02.07 19:50:02,19:50:02,82,com.sec.android.app.shealth
2026.02.07 20:00:01,20:00:01,80,com.sec.android.app.shealth
2026.02.07 20:10:02,20:10:02,80,com.sec.android.app.shealth
2026.02.07 20:20:01,20:20:01,85,com.sec.android.app.shealth
2026.02.07 20:30:01,20:30:01,77,com.sec.android.app.shealth
2026.02.07 20:40:01,20:40:01,79,com.sec.android.app.shealth
2026.02.07 20:50:02,20:50:02,93,com.sec.android.app.shealth
2026.02.07 21:00:01,21:00:01,79,com.sec.android.app.shealth
2026.02.07 21:10:01,21:10:01,76,com.sec.android.app.shealth
2026.02.07 21:20:01,21:20:01,78,com.sec.android.app.shealth
2026.02.07 21:30:02,21:30:02,85,com.sec.android.app.shealth
2026.02.07 21:40:01,21:40:01,79,com.sec.android.app.shealth
2026.02.07 21:50:02,21:50:02,70,com.sec.android.app.shealth
2026.02.07 22:00:02,22:00:02,72,com.sec.android.app.shealth
2026.02.07 22:10:02,22:10:02,69,com.sec.android.app.shealth
2026.02.07 22:20:01,22:20:01,71,com.sec.android.app.shealth
2026.02.07 22:30:01,22:30:01,79,com.sec.android.app.shealth
2026.02.07 22:40:02,22:40:02,64,com.sec.android.app.shealth
2026.02.07 22:50:02,22:50:02,71,com.sec.android.app.shealth
2026.02.07 23:00:01,23:00:01,73,com.sec.android.app.shealth
2026.02.07 23:10:02,23:10:02,78,com.sec.android.app.shealth
2026.02.07 23:20:02,23:20:02,71,com.sec.android.app.shealth
2026.02.07 23:30:01,23:30:01,81,com.sec.android.app.shealth
2026.02.08 00:20:01,00:20:01,73,com.sec.android.app.shealth
2026.02.08 00:30:02,00:30:02,70,com.sec.android.app.shealth
2026.02.08 00:40:09,00:40:09,70,com.sec.android.app.shealth
2026.02.08 00:50:09,00:50:09,74,com.sec.android.app.shealth
2026.02.08 01:00:09,01:00:09,76,com.sec.android.app.shealth
2026.02.08 01:10:09,01:10:09,60,com.sec.android.app.shealth
2026.02.08 01:20:12,01:20:12,62,com.sec.android.app.shealth
2026.02.08 01:30:10,01:30:10,61,com.sec.android.app.shealth
2026.02.08 01:40:09,01:40:09,80,com.sec.android.app.shealth
2026.02.08 01:50:09,01:50:09,71,com.sec.android.app.shealth
2026.02.08 02:00:09,02:00:09,61,com.sec.android.app.shealth
2026.02.08 02:10:09,02:10:09,68,com.sec.android.app.shealth
2026.02.08 02:20:09,02:20:09,59,com.sec.android.app.shealth
2026.02.08 02:30:09,02:30:09,55,com.sec.android.app.shealth
2026.02.08 02:40:10,02:40:10,55,com.sec.android.app.shealth
2026.02.08 02:50:10,02:50:10,54,com.sec.android.app.shealth
2026.02.08 03:00:10,03:00:10,87,com.sec.android.app.shealth
2026.02.08 03:10:09,03:10:09,58,com.sec.android.app.shealth
2026.02.08 03:20:21,03:20:21,61,com.sec.android.app.shealth
2026.02.08 03:30:09,03:30:09,56,com.sec.android.app.shealth
2026.02.08 03:40:09,03:40:09,54,com.sec.android.app.shealth
2026.02.08 03:50:16,03:50:16,55,com.sec.android.app.shealth
2026.02.08 04:00:09,04:00:09,55,com.sec.android.app.shealth
2026.02.08 04:10:09,04:10:09,57,com.sec.android.app.shealth
2026.02.08 04:20:08,04:20:08,56,com.sec.android.app.shealth
2026.02.08 04:30:09,04:30:09,55,com.sec.android.app.shealth
2026.02.08 04:40:12,04:40:12,62,com.sec.android.app.shealth
2026.02.08 04:50:09,04:50:09,70,com.sec.android.app.shealth
2026.02.08 05:00:10,05:00:10,96,com.sec.android.app.shealth
2026.02.08 05:10:12,05:10:12,59,com.sec.android.app.shealth
2026.02.08 05:20:09,05:20:09,57,com.sec.android.app.shealth
2026.02.08 05:30:09,05:30:09,55,com.sec.android.app.shealth
2026.02.08 05:40:21,05:40:21,51,com.sec.android.app.shealth
2026.02.08 05:50:11,05:50:11,53,com.sec.android.app.shealth
2026.02.08 06:00:15,06:00:15,53,com.sec.android.app.shealth
2026.02.08 06:10:17,06:10:17,53,com.sec.android.app.shealth
2026.02.08 06:20:09,06:20:09,55,com.sec.android.app.shealth
2026.02.08 06:30:09,06:30:09,52,com.sec.android.app.shealth
2026.02.08 06:40:09,06:40:09,72,com.sec.android.app.shealth
2026.02.08 06:50:10,06:50:10,61,com.sec.android.app.shealth
2026.02.08 07:00:09,07:00:09,58,com.sec.android.app.shealth
2026.02.08 07:10:08,07:10:08,51,com.sec.android.app.shealth
2026.02.08 07:20:10,07:20:10,55,com.sec.android.app.shealth
2026.02.08 07:30:08,07:30:08,52,com.sec.android.app.shealth
2026.02.08 07:40:09,07:40:09,53,com.sec.android.app.shealth
2026.02.08 07:50:09,07:50:09,52,com.sec.android.app.shealth
2026.02.08 08:00:20,08:00:20,93,com.sec.android.app.shealth
2026.02.08 08:10:08,08:10:08,53,com.sec.android.app.shealth
2026.02.08 08:20:10,08:20:10,60,com.sec.android.app.shealth
2026.02.08 08:30:13,08:30:13,57,com.sec.android.app.shealth
2026.02.08 08:40:14,08:40:14,88,com.sec.android.app.shealth
2026.02.08 08:50:01,08:50:01,64,com.sec.android.app.shealth
2026.02.08 09:00:01,09:00:01,69,com.sec.android.app.shealth
2026.02.08 09:10:01,09:10:01,56,com.sec.android.app.shealth
2026.02.08 09:20:00,09:20:00,58,com.sec.android.app.shealth
2026.02.08 09:30:01,09:30:01,56,com.sec.android.app.shealth
2026.02.08 09:40:01,09:40:01,74,com.sec.android.app.shealth
2026.02.08 09:50:01,09:50:01,73,com.sec.android.app.shealth
2026.02.08 22:30:02,22:30:02,66,com.sec.android.app.shealth
2026.02.08 22:40:01,22:40:01,64,com.sec.android.app.shealth
2026.02.08 22:50:01,22:50:01,62,com.sec.android.app.shealth
2026.02.08 23:00:01,23:00:01,61,com.sec.android.app.shealth
2026.02.08 23:10:02,23:10:02,105,com.sec.android.app.shealth
2026.02.08 23:20:00,23:20:00,74,com.sec.android.app.shealth
2026.02.08 23:29:26,23:29:26,73,com.sec.android.app.shealth
2026.02.08 23:30:01,23:30:01,64,com.sec.android.app.shealth
2026.02.08 23:40:01,23:40:01,66,com.sec.android.app.shealth
2026.02.08 23:50:01,23:50:01,59,com.sec.android.app.shealth
2026.02.09 00:00:09,00:00:09,58,com.sec.android.app.shealth
2026.02.09 00:10:09,00:10:09,53,com.sec.android.app.shealth
2026.02.09 00:20:10,00:20:10,52,com.sec.android.app.shealth
2026.02.09 00:30:09,00:30:09,54,com.sec.android.app.shealth
2026.02.09 00:40:08,00:40:08,53,com.sec.android.app.shealth
2026.02.09 00:50:08,00:50:08,53,com.sec.android.app.shealth
2026.02.09 01:00:09,01:00:09,60,com.sec.android.app.shealth
2026.02.09 01:10:10,01:10:10,57,com.sec.android.app.shealth
2026.02.09 01:20:08,01:20:08,55,com.sec.android.app.shealth
2026.02.09 01:30:09,01:30:09,53,com.sec.android.app.shealth
2026.02.09 01:40:09,01:40:09,53,com.sec.android.app.shealth
2026.02.09 01:50:08,01:50:08,53,com.sec.android.app.shealth
2026.02.09 02:00:09,02:00:09,52,com.sec.android.app.shealth
2026.02.09 02:10:15,02:10:15,55,com.sec.android.app.shealth
2026.02.09 02:20:08,02:20:08,54,com.sec.android.app.shealth
2026.02.09 02:30:09,02:30:09,53,com.sec.android.app.shealth
2026.02.09 02:40:15,02:40:15,52,com.sec.android.app.shealth
2026.02.09 02:50:13,02:50:13,53,com.sec.android.app.shealth
2026.02.09 03:00:11,03:00:11,53,com.sec.android.app.shealth
2026.02.09 03:10:09,03:10:09,53,com.sec.android.app.shealth
2026.02.09 03:20:15,03:20:15,53,com.sec.android.app.shealth
2026.02.09 03:30:08,03:30:08,59,com.sec.android.app.shealth
2026.02.09 03:40:09,03:40:09,53,com.sec.android.app.shealth
2026.02.09 03:50:20,03:50:20,74,com.sec.android.app.shealth
2026.02.09 04:00:10,04:00:10,57,com.sec.android.app.shealth
2026.02.09 04:10:14,04:10:14,51,com.sec.android.app.shealth
2026.02.09 04:20:14,04:20:14,55,com.sec.android.app.shealth
2026.02.09 04:30:20,04:30:20,53,com.sec.android.app.shealth
2026.02.09 04:40:17,04:40:17,51,com.sec.android.app.shealth
2026.02.09 04:50:09,04:50:09,54,com.sec.android.app.shealth
2026.02.09 05:00:10,05:00:10,76,com.sec.android.app.shealth
2026.02.09 05:10:16,05:10:16,59,com.sec.android.app.shealth
2026.02.09 05:20:11,05:20:11,59,com.sec.android.app.shealth
2026.02.09 05:30:08,05:30:08,63,com.sec.android.app.shealth
2026.02.09 05:40:09,05:40:09,53,com.sec.android.app.shealth
2026.02.09 05:50:21,05:50:21,97,com.sec.android.app.shealth
2026.02.09 22:40:00,22:40:00,103,com.sec.android.app.shealth
2026.02.09 22:50:01,22:50:01,66,com.sec.android.app.shealth
2026.02.09 23:00:01,23:00:01,59,com.sec.android.app.shealth
2026.02.09 23:10:01,23:10:01,40,com.sec.android.app.shealth
2026.02.09 23:20:01,23:20:01,58,com.sec.android.app.shealth
2026.02.09 23:30:00,23:30:00,68,com.sec.android.app.shealth
2026.02.09 23:40:00,23:40:00,62,com.sec.android.app.shealth
2026.02.09 23:50:00,23:50:00,54,com.sec.android.app.shealth
2026.02.09 23:59:59,23:59:59,61,com.sec.android.app.shealth
2026.02.10 00:10:03,00:10:03,55,com.sec.android.app.shealth
2026.02.10 00:20:09,00:20:09,53,com.sec.android.app.shealth
2026.02.10 00:30:10,00:30:10,52,com.sec.android.app.shealth
2026.02.10 00:40:10,00:40:10,54,com.sec.android.app.shealth
2026.02.10 00:50:22,00:50:22,76,com.sec.android.app.shealth
2026.02.10 01:00:10,01:00:10,67,com.sec.android.app.shealth
2026.02.10 01:10:22,01:10:22,64,com.sec.android.app.shealth
2026.02.10 01:20:10,01:20:10,50,com.sec.android.app.shealth
2026.02.10 01:30:11,01:30:11,52,com.sec.android.app.shealth
2026.02.10 01:40:19,01:40:19,53,com.sec.android.app.shealth
2026.02.10 01:50:14,01:50:14,52,com.sec.android.app.shealth
2026.02.10 02:00:10,02:00:10,53,com.sec.android.app.shealth
2026.02.10 02:10:15,02:10:15,57,com.sec.android.app.shealth
2026.02.10 02:20:21,02:20:21,50,com.sec.android.app.shealth
2026.02.10 02:30:22,02:30:22,104,com.sec.android.app.shealth
2026.02.10 02:40:15,02:40:15,54,com.sec.android.app.shealth
2026.02.10 02:50:10,02:50:10,52,com.sec.android.app.shealth
2026.02.10 03:00:10,03:00:10,54,com.sec.android.app.shealth
2026.02.10 03:10:19,03:10:19,51,com.sec.android.app.shealth
2026.02.10 03:20:10,03:20:10,53,com.sec.android.app.shealth
2026.02.10 03:30:10,03:30:10,52,com.sec.android.app.shealth
2026.02.10 03:40:10,03:40:10,52,com.sec.android.app.shealth
2026.02.10 03:50:22,03:50:22,57,com.sec.android.app.shealth
2026.02.10 04:00:19,04:00:19,52,com.sec.android.app.shealth
2026.02.10 04:10:20,04:10:20,51,com.sec.android.app.shealth
2026.02.10 04:20:08,04:20:08,51,com.sec.android.app.shealth
2026.02.10 04:30:08,04:30:08,62,com.sec.android.app.shealth
2026.02.10 04:40:08,04:40:08,57,com.sec.android.app.shealth
2026.02.10 04:50:09,04:50:09,53,com.sec.android.app.shealth
2026.02.10 05:00:08,05:00:08,55,com.sec.android.app.shealth
2026.02.10 05:10:09,05:10:09,54,com.sec.android.app.shealth
2026.02.10 05:20:15,05:20:15,52,com.sec.android.app.shealth
2026.02.10 05:30:21,05:30:21,51,com.sec.android.app.shealth
2026.02.10 05:40:09,05:40:09,54,com.sec.android.app.shealth
2026.02.10 05:50:17,05:50:17,50,com.sec.android.app.shealth
2026.02.10 06:00:12,06:00:12,56,com.sec.android.app.shealth
2026.02.10 06:10:11,06:10:11,56,com.sec.android.app.shealth
2026.02.10 06:20:08,06:20:08,51,com.sec.android.app.shealth
2026.02.10 06:30:10,06:30:10,53,com.sec.android.app.shealth
2026.02.10 06:40:21,06:40:21,77,com.sec.android.app.shealth
2026.02.10 06:50:16,06:50:16,52,com.sec.android.app.shealth
2026.02.10 07:00:15,07:00:15,51,com.sec.android.app.shealth
2026.02.10 07:10:08,07:10:08,52,com.sec.android.app.shealth
2026.02.10 07:20:21,07:20:21,84,com.sec.android.app.shealth
2026.02.10 07:30:20,07:30:20,83,com.sec.android.app.shealth
2026.02.10 07:40:09,07:40:09,80,com.sec.android.app.shealth
2026.02.10 16:20:00,16:20:00,64,com.sec.android.app.shealth
2026.02.10 16:30:01,16:30:01,73,com.sec.android.app.shealth
2026.02.10 16:40:00,16:40:00,65,com.sec.android.app.shealth
2026.02.10 16:50:00,16:50:00,59,com.sec.android.app.shealth
2026.02.10 17:00:09,17:00:09,58,com.sec.android.app.shealth
2026.02.10 17:10:10,17:10:10,58,com.sec.android.app.shealth
2026.02.10 17:20:08,17:20:08,63,com.sec.android.app.shealth
2026.02.10 17:30:08,17:30:08,59,com.sec.android.app.shealth
2026.02.10 17:40:08,17:40:08,54,com.sec.android.app.shealth
2026.02.10 17:50:08,17:50:08,58,com.sec.android.app.shealth
2026.02.10 19:00:01,19:00:01,95,com.sec.android.app.shealth
2026.02.10 19:10:01,19:10:01,92,com.sec.android.app.shealth
2026.02.10 19:20:00,19:20:00,121,com.sec.android.app.shealth
2026.02.10 19:30:00,19:30:00,87,com.sec.android.app.shealth
2026.02.10 19:40:01,19:40:01,86,com.sec.android.app.shealth
2026.02.10 19:50:00,19:50:00,88,com.sec.android.app.shealth
2026.02.10 20:00:01,20:00:01,87,com.sec.android.app.shealth
2026.02.10 20:10:01,20:10:01,75,com.sec.android.app.shealth
2026.02.10 20:20:01,20:20:01,89,com.sec.android.app.shealth
2026.02.10 20:30:00,20:30:00,88,com.sec.android.app.shealth
2026.02.10 20:40:01,20:40:01,85,com.sec.android.app.shealth
2026.02.10 20:50:00,20:50:00,91,com.sec.android.app.shealth
2026.02.10 21:00:01,21:00:01,105,com.sec.android.app.shealth
2026.02.10 21:10:01,21:10:01,73,com.sec.android.app.shealth
2026.02.10 21:20:00,21:20:00,71,com.sec.android.app.shealth
2026.02.10 21:30:00,21:30:00,78,com.sec.android.app.shealth
2026.02.10 21:40:01,21:40:01,62,com.sec.android.app.shealth
2026.02.10 23:20:00,23:20:00,68,com.sec.android.app.shealth
2026.02.10 23:30:01,23:30:01,59,com.sec.android.app.shealth
2026.02.10 23:40:01,23:40:01,66,com.sec.android.app.shealth
2026.02.10 23:50:00,23:50:00,68,com.sec.android.app.shealth
2026.02.10 23:59:59,23:59:59,74,com.sec.android.app.shealth
2026.02.11 00:10:03,00:10:03,60,com.sec.android.app.shealth
2026.02.11 00:20:04,00:20:04,64,com.sec.android.app.shealth
2026.02.11 00:30:03,00:30:03,60,com.sec.android.app.shealth
2026.02.11 00:40:03,00:40:03,65,com.sec.android.app.shealth
2026.02.11 00:50:02,00:50:02,57,com.sec.android.app.shealth
2026.02.11 01:00:11,01:00:11,60,com.sec.android.app.shealth
2026.02.11 01:10:14,01:10:14,56,com.sec.android.app.shealth
2026.02.11 01:20:10,01:20:10,60,com.sec.android.app.shealth
2026.02.11 01:30:11,01:30:11,53,com.sec.android.app.shealth
2026.02.11 01:40:10,01:40:10,53,com.sec.android.app.shealth
2026.02.11 01:50:10,01:50:10,60,com.sec.android.app.shealth
2026.02.11 02:00:11,02:00:11,57,com.sec.android.app.shealth
2026.02.11 02:10:11,02:10:11,53,com.sec.android.app.shealth
2026.02.11 02:20:14,02:20:14,56,com.sec.android.app.shealth
2026.02.11 02:30:11,02:30:11,56,com.sec.android.app.shealth
2026.02.11 02:40:10,02:40:10,53,com.sec.android.app.shealth
2026.02.11 02:50:14,02:50:14,55,com.sec.android.app.shealth
2026.02.11 03:00:10,03:00:10,54,com.sec.android.app.shealth
2026.02.11 03:10:11,03:10:11,61,com.sec.android.app.shealth
2026.02.11 03:20:10,03:20:10,57,com.sec.android.app.shealth
2026.02.11 03:30:10,03:30:10,58,com.sec.android.app.shealth
2026.02.11 03:40:12,03:40:12,60,com.sec.android.app.shealth
2026.02.11 03:50:21,03:50:21,55,com.sec.android.app.shealth
2026.02.11 04:00:14,04:00:14,57,com.sec.android.app.shealth
2026.02.11 04:10:11,04:10:11,57,com.sec.android.app.shealth
2026.02.11 04:20:21,04:20:21,52,com.sec.android.app.shealth
2026.02.11 04:30:12,04:30:12,53,com.sec.android.app.shealth
2026.02.11 04:40:09,04:40:09,52,com.sec.android.app.shealth
2026.02.11 04:50:18,04:50:18,54,com.sec.android.app.shealth
2026.02.11 05:00:21,05:00:21,82,com.sec.android.app.shealth
2026.02.11 05:10:20,05:10:20,50,com.sec.android.app.shealth
2026.02.11 05:20:09,05:20:09,53,com.sec.android.app.shealth
2026.02.11 05:30:11,05:30:11,50,com.sec.android.app.shealth
2026.02.11 05:40:21,05:40:21,78,com.sec.android.app.shealth
2026.02.11 06:10:01,06:10:01,90,com.sec.android.app.shealth
2026.02.11 06:20:01,06:20:01,67,com.sec.android.app.shealth
2026.02.11 06:30:01,06:30:01,66,com.sec.android.app.shealth
2026.02.11 06:40:01,06:40:01,68,com.sec.android.app.shealth
2026.02.11 06:50:01,06:50:01,84,com.sec.android.app.shealth
2026.02.11 07:00:01,07:00:01,76,com.sec.android.app.shealth
2026.02.11 07:10:01,07:10:01,73,com.sec.android.app.shealth
2026.02.11 07:20:01,07:20:01,81,com.sec.android.app.shealth
2026.02.11 07:30:01,07:30:01,94,com.sec.android.app.shealth
2026.02.11 07:40:00,07:40:00,63,com.sec.android.app.shealth
2026.02.11 07:50:01,07:50:01,101,com.sec.android.app.shealth
2026.02.11 08:00:01,08:00:01,90,com.sec.android.app.shealth
2026.02.11 08:10:01,08:10:01,125,com.sec.android.app.shealth
2026.02.11 08:20:02,08:20:02,76,com.sec.android.app.shealth
2026.02.11 08:30:01,08:30:01,94,com.sec.android.app.shealth
2026.02.11 08:40:01,08:40:01,75,com.sec.android.app.shealth
2026.02.11 08:50:01,08:50:01,90,com.sec.android.app.shealth
2026.02.11 09:00:01,09:00:01,89,com.sec.android.app.shealth
2026.02.11 09:10:01,09:10:01,84,com.sec.android.app.shealth
2026.02.11 09:20:00,09:20:00,84,com.sec.android.app.shealth
2026.02.11 09:30:01,09:30:01,86,com.sec.android.app.shealth
2026.02.11 09:40:02,09:40:02,88,com.sec.android.app.shealth
2026.02.11 09:50:02,09:50:02,77,com.sec.android.app.shealth
2026.02.11 10:00:01,10:00:01,76,com.sec.android.app.shealth
2026.02.11 10:10:01,10:10:01,72,com.sec.android.app.shealth
2026.02.11 10:20:01,10:20:01,73,com.sec.android.app.shealth
2026.02.11 10:30:02,10:30:02,80,com.sec.android.app.shealth
2026.02.11 10:40:01,10:40:01,109,com.sec.android.app.shealth
2026.02.11 10:50:00,10:50:00,77,com.sec.android.app.shealth
2026.02.11 11:00:01,11:00:01,80,com.sec.android.app.shealth
2026.02.11 11:10:01,11:10:01,99,com.sec.android.app.shealth
2026.02.11 11:20:02,11:20:02,104,com.sec.android.app.shealth
2026.02.11 11:30:01,11:30:01,98,com.sec.android.app.shealth
2026.02.11 11:40:01,11:40:01,98,com.sec.android.app.shealth
2026.02.11 11:50:02,11:50:02,111,com.sec.android.app.shealth
2026.02.11 12:00:01,12:00:01,108,com.sec.android.app.shealth
2026.02.11 12:10:01,12:10:01,96,com.sec.android.app.shealth
2026.02.11 12:20:01,12:20:01,114,com.sec.android.app.shealth
2026.02.11 12:30:01,12:30:01,77,com.sec.android.app.shealth
2026.02.11 12:40:02,12:40:02,74,com.sec.android.app.shealth
2026.02.11 12:50:01,12:50:01,114,com.sec.android.app.shealth
2026.02.11 13:00:01,13:00:01,107,com.sec.android.app.shealth
2026.02.11 13:10:00,13:10:00,74,com.sec.android.app.shealth
2026.02.11 13:20:01,13:20:01,90,com.sec.android.app.shealth
2026.02.11 15:40:01,15:40:01,105,com.sec.android.app.shealth
2026.02.11 15:50:01,15:50:01,112,com.sec.android.app.shealth
2026.02.11 16:10:00,16:10:00,127,com.sec.android.app.shealth
2026.02.11 16:11:00,16:11:00,87,com.sec.android.app.shealth
2026.02.11 16:12:00,16:12:00,91,com.sec.android.app.shealth
2026.02.11 16:14:00,16:14:00,115,com.sec.android.app.shealth
2026.02.11 16:15:00,16:15:00,126,com.sec.android.app.shealth
2026.02.11 16:15:00,16:15:00,123,com.sec.android.app.shealth
2026.02.11 16:17:00,16:17:00,116,com.sec.android.app.shealth
2026.02.11 16:17:00,16:17:00,110,com.sec.android.app.shealth
2026.02.11 16:19:00,16:19:00,104,com.sec.android.app.shealth
2026.02.11 16:20:00,16:20:00,116,com.sec.android.app.shealth
2026.02.11 16:20:00,16:20:00,122,com.sec.android.app.shealth
2026.02.11 16:21:00,16:21:00,114,com.sec.android.app.shealth
2026.02.11 16:22:00,16:22:00,133,com.sec.android.app.shealth
2026.02.11 16:23:00,16:23:00,133,com.sec.android.app.shealth
2026.02.11 16:24:00,16:24:00,133,com.sec.android.app.shealth
2026.02.11 16:25:00,16:25:00,123,com.sec.android.app.shealth
2026.02.11 16:26:00,16:26:00,119,com.sec.android.app.shealth
2026.02.11 16:27:00,16:27:00,104,com.sec.android.app.shealth
2026.02.11 16:29:00,16:29:00,108,com.sec.android.app.shealth
2026.02.11 16:29:00,16:29:00,125,com.sec.android.app.shealth
2026.02.11 16:30:00,16:30:00,125,com.sec.android.app.shealth
2026.02.11 16:32:00,16:32:00,121,com.sec.android.app.shealth
2026.02.11 16:32:00,16:32:00,138,com.sec.android.app.shealth
2026.02.11 16:34:00,16:34:00,127,com.sec.android.app.shealth
2026.02.11 16:35:00,16:35:00,125,com.sec.android.app.shealth
2026.02.11 16:36:00,16:36:00,107,com.sec.android.app.shealth
2026.02.11 16:36:00,16:36:00,109,com.sec.android.app.shealth
2026.02.11 16:37:00,16:37:00,111,com.sec.android.app.shealth
2026.02.11 16:38:00,16:38:00,129,com.sec.android.app.shealth
2026.02.11 16:39:00,16:39:00,129,com.sec.android.app.shealth
2026.02.11 16:40:00,16:40:00,120,com.sec.android.app.shealth
2026.02.11 16:41:00,16:41:00,116,com.sec.android.app.shealth
2026.02.11 16:43:00,16:43:00,117,com.sec.android.app.shealth
2026.02.11 16:44:00,16:44:00,131,com.sec.android.app.shealth
2026.02.11 16:45:00,16:45:00,121,com.sec.android.app.shealth
2026.02.11 16:46:00,16:46:00,112,com.sec.android.app.shealth
2026.02.11 16:46:00,16:46:00,102,com.sec.android.app.shealth
2026.02.11 16:47:00,16:47:00,119,com.sec.android.app.shealth
2026.02.11 16:49:00,16:49:00,116,com.sec.android.app.shealth
2026.02.11 16:49:00,16:49:00,117,com.sec.android.app.shealth
2026.02.11 16:50:00,16:50:00,124,com.sec.android.app.shealth
2026.02.11 16:51:00,16:51:00,116,com.sec.android.app.shealth
2026.02.11 16:52:00,16:52:00,127,com.sec.android.app.shealth
2026.02.11 16:53:00,16:53:00,114,com.sec.android.app.shealth
2026.02.11 16:54:00,16:54:00,115,com.sec.android.app.shealth
2026.02.11 16:55:00,16:55:00,105,com.sec.android.app.shealth
2026.02.11 16:57:00,16:57:00,114,com.sec.android.app.shealth
2026.02.11 16:57:00,16:57:00,123,com.sec.android.app.shealth
2026.02.11 16:59:00,16:59:00,121,com.sec.android.app.shealth
2026.02.11 16:59:00,16:59:00,114,com.sec.android.app.shealth
2026.02.11 16:00:01,16:00:01,131,com.sec.android.app.shealth
2026.02.11 16:10:02,16:10:02,124,com.sec.android.app.shealth
2026.02.11 17:00:00,17:00:00,114,com.sec.android.app.shealth
2026.02.11 17:01:00,17:01:00,129,com.sec.android.app.shealth
2026.02.11 17:02:00,17:02:00,122,com.sec.android.app.shealth
2026.02.11 17:03:00,17:03:00,114,com.sec.android.app.shealth
2026.02.11 17:05:00,17:05:00,120,com.sec.android.app.shealth
2026.02.11 17:05:00,17:05:00,116,com.sec.android.app.shealth
2026.02.11 17:06:00,17:06:00,119,com.sec.android.app.shealth
2026.02.11 17:07:00,17:07:00,117,com.sec.android.app.shealth
2026.02.11 17:08:00,17:08:00,119,com.sec.android.app.shealth
2026.02.11 17:09:00,17:09:00,117,com.sec.android.app.shealth
2026.02.11 17:10:00,17:10:00,116,com.sec.android.app.shealth
2026.02.11 17:12:00,17:12:00,114,com.sec.android.app.shealth
2026.02.11 17:13:00,17:13:00,116,com.sec.android.app.shealth
2026.02.11 17:14:00,17:14:00,115,com.sec.android.app.shealth
2026.02.11 17:15:00,17:15:00,116,com.sec.android.app.shealth
2026.02.11 17:16:00,17:16:00,115,com.sec.android.app.shealth
2026.02.11 17:17:00,17:17:00,110,com.sec.android.app.shealth
2026.02.11 17:17:00,17:17:00,118,com.sec.android.app.shealth
2026.02.11 17:18:00,17:18:00,116,com.sec.android.app.shealth
2026.02.11 17:19:00,17:19:00,89,com.sec.android.app.shealth
2026.02.11 17:20:00,17:20:00,83,com.sec.android.app.shealth
2026.02.11 17:21:00,17:21:00,81,com.sec.android.app.shealth
2026.02.11 17:22:00,17:22:00,83,com.sec.android.app.shealth
2026.02.11 17:23:00,17:23:00,74,com.sec.android.app.shealth
2026.02.11 17:24:00,17:24:00,81,com.sec.android.app.shealth
2026.02.11 17:25:00,17:25:00,102,com.sec.android.app.shealth
2026.02.11 17:26:00,17:26:00,100,com.sec.android.app.shealth
2026.02.11 17:27:00,17:27:00,101,com.sec.android.app.shealth
2026.02.11 17:28:00,17:28:00,98,com.sec.android.app.shealth
2026.02.11 17:29:00,17:29:00,93,com.sec.android.app.shealth
2026.02.11 17:30:00,17:30:00,106,com.sec.android.app.shealth
2026.02.11 17:31:00,17:31:00,105,com.sec.android.app.shealth
2026.02.11 17:32:00,17:32:00,100,com.sec.android.app.shealth
2026.02.11 17:33:00,17:33:00,86,com.sec.android.app.shealth
2026.02.11 17:34:00,17:34:00,78,com.sec.android.app.shealth
2026.02.11 17:35:00,17:35:00,68,com.sec.android.app.shealth
2026.02.11 17:36:00,17:36:00,68,com.sec.android.app.shealth
2026.02.11 17:37:00,17:37:00,68,com.sec.android.app.shealth
2026.02.11 17:38:00,17:38:00,68,com.sec.android.app.shealth
2026.02.11 17:39:00,17:39:00,70,com.sec.android.app.shealth
2026.02.11 17:40:00,17:40:00,73,com.sec.android.app.shealth
2026.02.11 17:41:00,17:41:00,84,com.sec.android.app.shealth
2026.02.11 17:42:00,17:42:00,71,com.sec.android.app.shealth
2026.02.11 17:43:00,17:43:00,69,com.sec.android.app.shealth
2026.02.11 17:44:00,17:44:00,68,com.sec.android.app.shealth
2026.02.11 17:45:00,17:45:00,69,com.sec.android.app.shealth
2026.02.11 17:46:00,17:46:00,68,com.sec.android.app.shealth
2026.02.11 17:47:00,17:47:00,96,com.sec.android.app.shealth
2026.02.11 17:48:00,17:48:00,87,com.sec.android.app.shealth
2026.02.11 17:49:00,17:49:00,76,com.sec.android.app.shealth
2026.02.11 17:50:00,17:50:00,69,com.sec.android.app.shealth
2026.02.11 17:51:00,17:51:00,65,com.sec.android.app.shealth
2026.02.11 17:52:00,17:52:00,64,com.sec.android.app.shealth
2026.02.11 17:53:00,17:53:00,67,com.sec.android.app.shealth
2026.02.11 17:54:00,17:54:00,65,com.sec.android.app.shealth
2026.02.11 17:55:00,17:55:00,65,com.sec.android.app.shealth
2026.02.11 17:56:00,17:56:00,93,com.sec.android.app.shealth
2026.02.11 17:57:00,17:57:00,92,com.sec.android.app.shealth
2026.02.11 17:58:00,17:58:00,86,com.sec.android.app.shealth
2026.02.11 17:59:00,17:59:00,91,com.sec.android.app.shealth
2026.02.11 18:00:00,18:00:00,79,com.sec.android.app.shealth
2026.02.11 18:01:00,18:01:00,79,com.sec.android.app.shealth
2026.02.11 18:02:00,18:02:00,77,com.sec.android.app.shealth
2026.02.11 18:03:00,18:03:00,80,com.sec.android.app.shealth
2026.02.11 18:04:00,18:04:00,79,com.sec.android.app.shealth
2026.02.11 18:05:00,18:05:00,81,com.sec.android.app.shealth
2026.02.11 18:06:00,18:06:00,79,com.sec.android.app.shealth
2026.02.11 18:07:00,18:07:00,81,com.sec.android.app.shealth
2026.02.11 18:08:00,18:08:00,89,com.sec.android.app.shealth
2026.02.11 18:09:00,18:09:00,89,com.sec.android.app.shealth
2026.02.11 18:10:00,18:10:00,92,com.sec.android.app.shealth
2026.02.11 18:10:00,18:10:00,83,com.sec.android.app.shealth
2026.02.11 18:10:52,18:10:52,84,com.sec.android.app.shealth
2026.02.11 18:20:00,18:20:00,76,com.sec.android.app.shealth
2026.02.11 18:30:01,18:30:01,77,com.sec.android.app.shealth
2026.02.11 18:40:02,18:40:02,81,com.sec.android.app.shealth
2026.02.11 18:50:02,18:50:02,91,com.sec.android.app.shealth
2026.02.11 19:00:01,19:00:01,97,com.sec.android.app.shealth
2026.02.11 19:10:01,19:10:01,89,com.sec.android.app.shealth
2026.02.11 19:20:01,19:20:01,75,com.sec.android.app.shealth
2026.02.11 19:30:01,19:30:01,90,com.sec.android.app.shealth
2026.02.11 19:40:01,19:40:01,80,com.sec.android.app.shealth
2026.02.11 19:50:01,19:50:01,85,com.sec.android.app.shealth
2026.02.11 20:00:02,20:00:02,117,com.sec.android.app.shealth
2026.02.11 20:10:02,20:10:02,89,com.sec.android.app.shealth
2026.02.11 20:20:00,20:20:00,80,com.sec.android.app.shealth
2026.02.11 20:30:01,20:30:01,88,com.sec.android.app.shealth
2026.02.11 20:40:01,20:40:01,103,com.sec.android.app.shealth
2026.02.11 20:50:01,20:50:01,156,com.sec.android.app.shealth
2026.02.11 21:00:01,21:00:01,154,com.sec.android.app.shealth
2026.02.11 21:10:01,21:10:01,113,com.sec.android.app.shealth
2026.02.11 21:20:02,21:20:02,106,com.sec.android.app.shealth
2026.02.11 21:30:02,21:30:02,102,com.sec.android.app.shealth
2026.02.11 21:40:00,21:40:00,109,com.sec.android.app.shealth
2026.02.11 21:50:01,21:50:01,107,com.sec.android.app.shealth
2026.02.11 22:00:01,22:00:01,123,com.sec.android.app.shealth
2026.02.11 22:10:01,22:10:01,98,com.sec.android.app.shealth
2026.02.11 22:20:01,22:20:01,75,com.sec.android.app.shealth
2026.02.11 22:30:01,22:30:01,81,com.sec.android.app.shealth
2026.02.11 23:00:01,23:00:01,63,com.sec.android.app.shealth
2026.02.11 23:10:01,23:10:01,73,com.sec.android.app.shealth
2026.02.11 23:20:11,23:20:11,67,com.sec.android.app.shealth
2026.02.11 23:30:09,23:30:09,66,com.sec.android.app.shealth
2026.02.11 23:40:09,23:40:09,66,com.sec.android.app.shealth
2026.02.11 23:50:10,23:50:10,58,com.sec.android.app.shealth
2026.02.12 00:00:09,00:00:09,62,com.sec.android.app.shealth
2026.02.12 00:10:08,00:10:08,67,com.sec.android.app.shealth
2026.02.12 00:20:08,00:20:08,62,com.sec.android.app.shealth
2026.02.12 00:30:08,00:30:08,57,com.sec.android.app.shealth
2026.02.12 00:40:08,00:40:08,55,com.sec.android.app.shealth
2026.02.12 00:50:08,00:50:08,55,com.sec.android.app.shealth
2026.02.12 01:00:10,01:00:10,57,com.sec.android.app.shealth
2026.02.12 01:10:08,01:10:08,61,com.sec.android.app.shealth
2026.02.12 01:20:08,01:20:08,62,com.sec.android.app.shealth
2026.02.12 01:30:09,01:30:09,61,com.sec.android.app.shealth
2026.02.12 01:40:09,01:40:09,62,com.sec.android.app.shealth
2026.02.12 01:50:08,01:50:08,64,com.sec.android.app.shealth
2026.02.12 02:00:08,02:00:08,57,com.sec.android.app.shealth
2026.02.12 02:10:08,02:10:08,51,com.sec.android.app.shealth
2026.02.12 02:20:08,02:20:08,54,com.sec.android.app.shealth
2026.02.12 02:30:08,02:30:08,53,com.sec.android.app.shealth
2026.02.12 02:40:08,02:40:08,54,com.sec.android.app.shealth
2026.02.12 02:50:08,02:50:08,54,com.sec.android.app.shealth
2026.02.12 03:00:10,03:00:10,57,com.sec.android.app.shealth
2026.02.12 03:10:09,03:10:09,60,com.sec.android.app.shealth
2026.02.12 03:20:15,03:20:15,51,com.sec.android.app.shealth
2026.02.12 03:30:09,03:30:09,53,com.sec.android.app.shealth
2026.02.12 03:40:08,03:40:08,56,com.sec.android.app.shealth
2026.02.12 03:50:10,03:50:10,48,com.sec.android.app.shealth
2026.02.12 04:00:08,04:00:08,55,com.sec.android.app.shealth
2026.02.12 04:10:14,04:10:14,60,com.sec.android.app.shealth
2026.02.12 04:20:10,04:20:10,53,com.sec.android.app.shealth
2026.02.12 04:30:11,04:30:11,47,com.sec.android.app.shealth
2026.02.12 04:40:09,04:40:09,58,com.sec.android.app.shealth
2026.02.12 04:50:08,04:50:08,55,com.sec.android.app.shealth
2026.02.12 05:00:21,05:00:21,82,com.sec.android.app.shealth
2026.02.12 05:10:08,05:10:08,54,com.sec.android.app.shealth
2026.02.12 05:20:09,05:20:09,75,com.sec.android.app.shealth
2026.02.12 05:30:16,05:30:16,88,com.sec.android.app.shealth
2026.02.12 05:40:00,05:40:00,104,com.sec.android.app.shealth
2026.02.12 06:00:00,06:00:00,61,com.sec.android.app.shealth
2026.02.12 06:10:01,06:10:01,62,com.sec.android.app.shealth
2026.02.12 06:20:01,06:20:01,91,com.sec.android.app.shealth
2026.02.12 06:30:01,06:30:01,58,com.sec.android.app.shealth
2026.02.12 06:40:01,06:40:01,73,com.sec.android.app.shealth
2026.02.12 06:50:00,06:50:00,89,com.sec.android.app.shealth
2026.02.12 07:00:01,07:00:01,98,com.sec.android.app.shealth
2026.02.12 07:10:01,07:10:01,102,com.sec.android.app.shealth
2026.02.12 07:20:01,07:20:01,110,com.sec.android.app.shealth
2026.02.12 07:30:01,07:30:01,92,com.sec.android.app.shealth
2026.02.12 07:40:00,07:40:00,95,com.sec.android.app.shealth
2026.02.12 07:50:01,07:50:01,119,com.sec.android.app.shealth
2026.02.12 08:00:00,08:00:00,90,com.sec.android.app.shealth
2026.02.12 08:10:00,08:10:00,75,com.sec.android.app.shealth
2026.02.12 08:20:01,08:20:01,76,com.sec.android.app.shealth
2026.02.12 08:30:00,08:30:00,90,com.sec.android.app.shealth
2026.02.12 08:40:01,08:40:01,75,com.sec.android.app.shealth
2026.02.12 08:50:00,08:50:00,82,com.sec.android.app.shealth
2026.02.12 09:00:01,09:00:01,65,com.sec.android.app.shealth
2026.02.12 09:10:00,09:10:00,71,com.sec.android.app.shealth
2026.02.12 09:20:01,09:20:01,70,com.sec.android.app.shealth
2026.02.12 09:30:01,09:30:01,87,com.sec.android.app.shealth
2026.02.12 09:40:01,09:40:01,71,com.sec.android.app.shealth
2026.02.12 09:50:00,09:50:00,67,com.sec.android.app.shealth
2026.02.12 10:00:01,10:00:01,67,com.sec.android.app.shealth
2026.02.12 10:10:01,10:10:01,89,com.sec.android.app.shealth
2026.02.12 10:20:01,10:20:01,73,com.sec.android.app.shealth
2026.02.12 10:30:00,10:30:00,62,com.sec.android.app.shealth
2026.02.12 10:40:01,10:40:01,68,com.sec.android.app.shealth
2026.02.12 10:50:00,10:50:00,84,com.sec.android.app.shealth
2026.02.12 11:00:01,11:00:01,79,com.sec.android.app.shealth
2026.02.12 11:10:02,11:10:02,69,com.sec.android.app.shealth
2026.02.12 11:20:01,11:20:01,97,com.sec.android.app.shealth
2026.02.12 11:30:00,11:30:00,103,com.sec.android.app.shealth
2026.02.12 11:40:01,11:40:01,100,com.sec.android.app.shealth
2026.02.12 11:50:01,11:50:01,120,com.sec.android.app.shealth
2026.02.12 12:00:00,12:00:00,95,com.sec.android.app.shealth
2026.02.12 12:10:00,12:10:00,103,com.sec.android.app.shealth
2026.02.12 12:20:00,12:20:00,92,com.sec.android.app.shealth
2026.02.12 12:30:00,12:30:00,80,com.sec.android.app.shealth
2026.02.12 12:40:00,12:40:00,79,com.sec.android.app.shealth
2026.02.12 12:50:01,12:50:01,79,com.sec.android.app.shealth
2026.02.12 13:00:01,13:00:01,66,com.sec.android.app.shealth
2026.02.12 13:10:00,13:10:00,81,com.sec.android.app.shealth
2026.02.12 13:20:00,13:20:00,81,com.sec.android.app.shealth
2026.02.12 13:30:01,13:30:01,73,com.sec.android.app.shealth
2026.02.12 13:40:00,13:40:00,75,com.sec.android.app.shealth
2026.02.12 13:50:01,13:50:01,100,com.sec.android.app.shealth
2026.02.12 14:00:00,14:00:00,75,com.sec.android.app.shealth
2026.02.12 14:10:00,14:10:00,93,com.sec.android.app.shealth
2026.02.12 14:20:01,14:20:01,74,com.sec.android.app.shealth
2026.02.12 14:30:00,14:30:00,63,com.sec.android.app.shealth
2026.02.12 14:40:01,14:40:01,72,com.sec.android.app.shealth
2026.02.12 14:50:00,14:50:00,65,com.sec.android.app.shealth
2026.02.12 15:00:01,15:00:01,73,com.sec.android.app.shealth
2026.02.12 15:10:01,15:10:01,76,com.sec.android.app.shealth
2026.02.12 15:20:01,15:20:01,65,com.sec.android.app.shealth
2026.02.12 15:30:01,15:30:01,71,com.sec.android.app.shealth
2026.02.12 15:40:00,15:40:00,74,com.sec.android.app.shealth
2026.02.12 15:50:01,15:50:01,69,com.sec.android.app.shealth
2026.02.12 16:00:01,16:00:01,64,com.sec.android.app.shealth
2026.02.12 16:10:01,16:10:01,78,com.sec.android.app.shealth
2026.02.12 16:20:01,16:20:01,95,com.sec.android.app.shealth
2026.02.12 16:30:01,16:30:01,114,com.sec.android.app.shealth
2026.02.12 16:40:00,16:40:00,111,com.sec.android.app.shealth
2026.02.12 16:50:01,16:50:01,144,com.sec.android.app.shealth
2026.02.12 17:00:01,17:00:01,164,com.sec.android.app.shealth
2026.02.12 17:10:01,17:10:01,143,com.sec.android.app.shealth
2026.02.12 17:20:00,17:20:00,128,com.sec.android.app.shealth
2026.02.12 17:30:01,17:30:01,121,com.sec.android.app.shealth
2026.02.12 17:40:01,17:40:01,133,com.sec.android.app.shealth
2026.02.12 17:50:01,17:50:01,158,com.sec.android.app.shealth
2026.02.12 18:10:00,18:10:00,108,com.sec.android.app.shealth
2026.02.12 18:20:01,18:20:01,109,com.sec.android.app.shealth
2026.02.12 18:30:02,18:30:02,89,com.sec.android.app.shealth
2026.02.12 18:40:01,18:40:01,89,com.sec.android.app.shealth
2026.02.12 18:50:02,18:50:02,83,com.sec.android.app.shealth
2026.02.12 19:00:01,19:00:01,70,com.sec.android.app.shealth
2026.02.12 22:50:02,22:50:02,68,com.sec.android.app.shealth
2026.02.12 23:00:02,23:00:02,61,com.sec.android.app.shealth
2026.02.12 23:10:01,23:10:01,64,com.sec.android.app.shealth
2026.02.12 23:20:10,23:20:10,66,com.sec.android.app.shealth
2026.02.12 23:30:09,23:30:09,62,com.sec.android.app.shealth
2026.02.12 23:40:09,23:40:09,59,com.sec.android.app.shealth
2026.02.12 23:50:09,23:50:09,61,com.sec.android.app.shealth
2026.02.13 00:00:08,00:00:08,60,com.sec.android.app.shealth
2026.02.13 00:10:10,00:10:10,59,com.sec.android.app.shealth
2026.02.13 00:20:09,00:20:09,60,com.sec.android.app.shealth
2026.02.13 00:30:09,00:30:09,58,com.sec.android.app.shealth
2026.02.13 00:40:09,00:40:09,54,com.sec.android.app.shealth
2026.02.13 00:50:09,00:50:09,54,com.sec.android.app.shealth
2026.02.13 01:00:09,01:00:09,55,com.sec.android.app.shealth
2026.02.13 01:10:09,01:10:09,53,com.sec.android.app.shealth
2026.02.13 01:20:09,01:20:09,53,com.sec.android.app.shealth
2026.02.13 01:30:09,01:30:09,55,com.sec.android.app.shealth
2026.02.13 01:40:09,01:40:09,58,com.sec.android.app.shealth
2026.02.13 01:50:09,01:50:09,62,com.sec.android.app.shealth
2026.02.13 02:00:09,02:00:09,58,com.sec.android.app.shealth
2026.02.13 02:10:08,02:10:08,58,com.sec.android.app.shealth
2026.02.13 02:20:09,02:20:09,63,com.sec.android.app.shealth
2026.02.13 02:30:09,02:30:09,63,com.sec.android.app.shealth
2026.02.13 02:40:09,02:40:09,62,com.sec.android.app.shealth
2026.02.13 02:50:13,02:50:13,54,com.sec.android.app.shealth
2026.02.13 03:00:09,03:00:09,58,com.sec.android.app.shealth
2026.02.13 03:10:10,03:10:10,55,com.sec.android.app.shealth
2026.02.13 03:20:12,03:20:12,57,com.sec.android.app.shealth
2026.02.13 03:30:10,03:30:10,55,com.sec.android.app.shealth
2026.02.13 03:40:09,03:40:09,53,com.sec.android.app.shealth
2026.02.13 03:50:17,03:50:17,51,com.sec.android.app.shealth
2026.02.13 04:00:10,04:00:10,56,com.sec.android.app.shealth
2026.02.13 04:10:09,04:10:09,63,com.sec.android.app.shealth
2026.02.13 04:20:11,04:20:11,57,com.sec.android.app.shealth
2026.02.13 04:30:09,04:30:09,66,com.sec.android.app.shealth
2026.02.13 04:40:21,04:40:21,49,com.sec.android.app.shealth
2026.02.13 04:50:21,04:50:21,97,com.sec.android.app.shealth
2026.02.13 05:00:09,05:00:09,82,com.sec.android.app.shealth
2026.02.13 05:10:01,05:10:01,83,com.sec.android.app.shealth
2026.02.13 05:20:01,05:20:01,51,com.sec.android.app.shealth
2026.02.13 05:30:01,05:30:01,51,com.sec.android.app.shealth
2026.02.13 05:40:02,05:40:02,52,com.sec.android.app.shealth
2026.02.13 05:50:01,05:50:01,53,com.sec.android.app.shealth
2026.02.13 06:00:01,06:00:01,54,com.sec.android.app.shealth
2026.02.13 06:30:01,06:30:01,109,com.sec.android.app.shealth
2026.02.13 06:40:02,06:40:02,71,com.sec.android.app.shealth
2026.02.13 06:50:01,06:50:01,67,com.sec.android.app.shealth
2026.02.13 07:00:02,07:00:02,60,com.sec.android.app.shealth
2026.02.13 07:10:01,07:10:01,92,com.sec.android.app.shealth
2026.02.13 07:20:01,07:20:01,101,com.sec.android.app.shealth
2026.02.13 07:30:01,07:30:01,89,com.sec.android.app.shealth
2026.02.13 07:40:02,07:40:02,67,com.sec.android.app.shealth
2026.02.13 07:50:01,07:50:01,76,com.sec.android.app.shealth
2026.02.13 08:00:01,08:00:01,82,com.sec.android.app.shealth
2026.02.13 08:10:01,08:10:01,80,com.sec.android.app.shealth
2026.02.13 08:20:01,08:20:01,71,com.sec.android.app.shealth
2026.02.13 08:30:02,08:30:02,74,com.sec.android.app.shealth
2026.02.13 08:40:01,08:40:01,82,com.sec.android.app.shealth
2026.02.13 08:50:01,08:50:01,69,com.sec.android.app.shealth
2026.02.13 09:00:02,09:00:02,67,com.sec.android.app.shealth
2026.02.13 09:10:02,09:10:02,79,com.sec.android.app.shealth
2026.02.13 09:20:01,09:20:01,69,com.sec.android.app.shealth
2026.02.13 09:30:01,09:30:01,68,com.sec.android.app.shealth
2026.02.13 09:40:01,09:40:01,92,com.sec.android.app.shealth
2026.02.13 09:50:02,09:50:02,80,com.sec.android.app.shealth
2026.02.13 10:00:02,10:00:02,72,com.sec.android.app.shealth
2026.02.13 10:10:01,10:10:01,111,com.sec.android.app.shealth
2026.02.13 10:20:02,10:20:02,74,com.sec.android.app.shealth
2026.02.13 10:30:01,10:30:01,65,com.sec.android.app.shealth
2026.02.13 10:40:01,10:40:01,81,com.sec.android.app.shealth
2026.02.13 10:50:02,10:50:02,69,com.sec.android.app.shealth
2026.02.13 11:00:01,11:00:01,75,com.sec.android.app.shealth
2026.02.13 11:10:01,11:10:01,72,com.sec.android.app.shealth
2026.02.13 11:20:02,11:20:02,93,com.sec.android.app.shealth
2026.02.13 11:30:02,11:30:02,91,com.sec.android.app.shealth
2026.02.13 11:40:01,11:40:01,72,com.sec.android.app.shealth
2026.02.13 11:50:01,11:50:01,66,com.sec.android.app.shealth
2026.02.13 12:00:01,12:00:01,62,com.sec.android.app.shealth
2026.02.13 12:10:02,12:10:02,67,com.sec.android.app.shealth
2026.02.13 12:20:01,12:20:01,93,com.sec.android.app.shealth
2026.02.13 12:30:01,12:30:01,67,com.sec.android.app.shealth
2026.02.13 12:40:02,12:40:02,64,com.sec.android.app.shealth
2026.02.13 12:50:02,12:50:02,74,com.sec.android.app.shealth
2026.02.13 13:00:02,13:00:02,81,com.sec.android.app.shealth
2026.02.13 13:10:01,13:10:01,89,com.sec.android.app.shealth
2026.02.13 13:20:02,13:20:02,104,com.sec.android.app.shealth
2026.02.13 13:30:01,13:30:01,70,com.sec.android.app.shealth
2026.02.13 13:40:02,13:40:02,73,com.sec.android.app.shealth
2026.02.13 13:50:01,13:50:01,110,com.sec.android.app.shealth
2026.02.13 14:00:01,14:00:01,114,com.sec.android.app.shealth
2026.02.13 15:20:02,15:20:02,107,com.sec.android.app.shealth
2026.02.13 15:30:01,15:30:01,109,com.sec.android.app.shealth
2026.02.13 15:40:02,15:40:02,87,com.sec.android.app.shealth
2026.02.13 15:50:02,15:50:02,85,com.sec.android.app.shealth
2026.02.13 16:00:02,16:00:02,77,com.sec.android.app.shealth
2026.02.13 16:10:03,16:10:03,79,com.sec.android.app.shealth
2026.02.13 16:20:01,16:20:01,82,com.sec.android.app.shealth
2026.02.13 16:29:22,16:29:22,85,com.sec.android.app.shealth
2026.02.13 16:30:01,16:30:01,81,com.sec.android.app.shealth
2026.02.13 16:40:01,16:40:01,78,com.sec.android.app.shealth
2026.02.13 16:50:02,16:50:02,81,com.sec.android.app.shealth
2026.02.13 17:09:00,17:09:00,120,com.sec.android.app.shealth
2026.02.13 17:10:00,17:10:00,112,com.sec.android.app.shealth
2026.02.13 17:12:00,17:12:00,115,com.sec.android.app.shealth
2026.02.13 17:13:00,17:13:00,99,com.sec.android.app.shealth
2026.02.13 17:13:00,17:13:00,92,com.sec.android.app.shealth
2026.02.13 17:14:00,17:14:00,116,com.sec.android.app.shealth
2026.02.13 17:16:00,17:16:00,119,com.sec.android.app.shealth
2026.02.13 17:17:00,17:17:00,111,com.sec.android.app.shealth
2026.02.13 17:17:00,17:17:00,109,com.sec.android.app.shealth
2026.02.13 17:18:00,17:18:00,106,com.sec.android.app.shealth
2026.02.13 17:20:00,17:20:00,118,com.sec.android.app.shealth
2026.02.13 17:20:00,17:20:00,105,com.sec.android.app.shealth
2026.02.13 17:22:00,17:22:00,105,com.sec.android.app.shealth
2026.02.13 17:22:00,17:22:00,103,com.sec.android.app.shealth
2026.02.13 17:23:00,17:23:00,113,com.sec.android.app.shealth
2026.02.13 17:24:00,17:24:00,111,com.sec.android.app.shealth
2026.02.13 17:25:00,17:25:00,100,com.sec.android.app.shealth
2026.02.13 17:26:00,17:26:00,107,com.sec.android.app.shealth
2026.02.13 17:27:00,17:27:00,113,com.sec.android.app.shealth
2026.02.13 17:28:00,17:28:00,101,com.sec.android.app.shealth
2026.02.13 17:29:00,17:29:00,106,com.sec.android.app.shealth
2026.02.13 17:30:00,17:30:00,126,com.sec.android.app.shealth
2026.02.13 17:31:00,17:31:00,115,com.sec.android.app.shealth
2026.02.13 17:32:00,17:32:00,128,com.sec.android.app.shealth
2026.02.13 17:33:00,17:33:00,121,com.sec.android.app.shealth
2026.02.13 17:34:00,17:34:00,116,com.sec.android.app.shealth
2026.02.13 17:35:00,17:35:00,126,com.sec.android.app.shealth
2026.02.13 17:36:00,17:36:00,119,com.sec.android.app.shealth
2026.02.13 17:38:00,17:38:00,120,com.sec.android.app.shealth
2026.02.13 17:38:00,17:38:00,130,com.sec.android.app.shealth
2026.02.13 17:39:00,17:39:00,120,com.sec.android.app.shealth
2026.02.13 17:40:00,17:40:00,112,com.sec.android.app.shealth
2026.02.13 17:41:00,17:41:00,100,com.sec.android.app.shealth
2026.02.13 17:42:00,17:42:00,112,com.sec.android.app.shealth
2026.02.13 17:43:00,17:43:00,112,com.sec.android.app.shealth
2026.02.13 17:44:00,17:44:00,123,com.sec.android.app.shealth
2026.02.13 17:46:00,17:46:00,118,com.sec.android.app.shealth
2026.02.13 17:46:00,17:46:00,108,com.sec.android.app.shealth
2026.02.13 17:47:00,17:47:00,120,com.sec.android.app.shealth
2026.02.13 17:48:00,17:48:00,108,com.sec.android.app.shealth
2026.02.13 17:50:00,17:50:00,112,com.sec.android.app.shealth
2026.02.13 17:51:00,17:51:00,117,com.sec.android.app.shealth
2026.02.13 17:52:00,17:52:00,101,com.sec.android.app.shealth
2026.02.13 17:53:00,17:53:00,101,com.sec.android.app.shealth
2026.02.13 17:54:00,17:54:00,112,com.sec.android.app.shealth
2026.02.13 17:55:00,17:55:00,127,com.sec.android.app.shealth
2026.02.13 17:55:00,17:55:00,123,com.sec.android.app.shealth
2026.02.13 17:57:00,17:57:00,124,com.sec.android.app.shealth
2026.02.13 17:57:00,17:57:00,126,com.sec.android.app.shealth
2026.02.13 17:58:00,17:58:00,125,com.sec.android.app.shealth
2026.02.13 17:59:00,17:59:00,126,com.sec.android.app.shealth
2026.02.13 17:00:02,17:00:02,94,com.sec.android.app.shealth
2026.02.13 18:00:00,18:00:00,108,com.sec.android.app.shealth
2026.02.13 18:01:00,18:01:00,108,com.sec.android.app.shealth
2026.02.13 18:02:00,18:02:00,106,com.sec.android.app.shealth
2026.02.13 18:03:00,18:03:00,110,com.sec.android.app.shealth
2026.02.13 18:05:00,18:05:00,119,com.sec.android.app.shealth
2026.02.13 18:06:00,18:06:00,105,com.sec.android.app.shealth
2026.02.13 18:07:00,18:07:00,108,com.sec.android.app.shealth
2026.02.13 18:08:00,18:08:00,118,com.sec.android.app.shealth
2026.02.13 18:08:00,18:08:00,132,com.sec.android.app.shealth
2026.02.13 18:08:17,18:08:17,142,com.sec.android.app.shealth
2026.02.13 18:10:02,18:10:02,133,com.sec.android.app.shealth
2026.02.13 18:20:01,18:20:01,119,com.sec.android.app.shealth
2026.02.13 18:30:02,18:30:02,123,com.sec.android.app.shealth
2026.02.13 18:40:01,18:40:01,90,com.sec.android.app.shealth
2026.02.13 18:50:01,18:50:01,98,com.sec.android.app.shealth
2026.02.13 19:00:01,19:00:01,102,com.sec.android.app.shealth
2026.02.13 22:10:01,22:10:01,67,com.sec.android.app.shealth
2026.02.13 22:20:00,22:20:00,69,com.sec.android.app.shealth
2026.02.13 22:30:01,22:30:01,67,com.sec.android.app.shealth
2026.02.13 22:40:09,22:40:09,69,com.sec.android.app.shealth
2026.02.13 22:50:14,22:50:14,57,com.sec.android.app.shealth
2026.02.13 23:00:11,23:00:11,58,com.sec.android.app.shealth
2026.02.13 23:10:08,23:10:08,72,com.sec.android.app.shealth
2026.02.13 23:20:09,23:20:09,67,com.sec.android.app.shealth
2026.02.13 23:30:09,23:30:09,59,com.sec.android.app.shealth
2026.02.13 23:40:08,23:40:08,57,com.sec.android.app.shealth
2026.02.13 23:50:16,23:50:16,80,com.sec.android.app.shealth
2026.02.14 00:00:09,00:00:09,60,com.sec.android.app.shealth
2026.02.14 00:10:10,00:10:10,59,com.sec.android.app.shealth
2026.02.14 00:20:08,00:20:08,63,com.sec.android.app.shealth
2026.02.14 00:30:09,00:30:09,58,com.sec.android.app.shealth
2026.02.14 00:40:13,00:40:13,62,com.sec.android.app.shealth
2026.02.14 00:50:09,00:50:09,69,com.sec.android.app.shealth
2026.02.14 01:00:09,01:00:09,60,com.sec.android.app.shealth
2026.02.14 01:10:11,01:10:11,54,com.sec.android.app.shealth
2026.02.14 01:20:09,01:20:09,58,com.sec.android.app.shealth
2026.02.14 01:30:11,01:30:11,60,com.sec.android.app.shealth
2026.02.14 01:40:08,01:40:08,61,com.sec.android.app.shealth
2026.02.14 01:50:10,01:50:10,61,com.sec.android.app.shealth
2026.02.14 02:00:09,02:00:09,60,com.sec.android.app.shealth
2026.02.14 02:10:14,02:10:14,56,com.sec.android.app.shealth
2026.02.14 02:20:21,02:20:21,63,com.sec.android.app.shealth
2026.02.14 02:30:08,02:30:08,69,com.sec.android.app.shealth
2026.02.14 02:40:08,02:40:08,59,com.sec.android.app.shealth
2026.02.14 02:50:10,02:50:10,54,com.sec.android.app.shealth
2026.02.14 03:00:08,03:00:08,64,com.sec.android.app.shealth
2026.02.14 03:10:09,03:10:09,62,com.sec.android.app.shealth
2026.02.14 03:20:09,03:20:09,59,com.sec.android.app.shealth
2026.02.14 03:30:14,03:30:14,54,com.sec.android.app.shealth
2026.02.14 03:40:08,03:40:08,59,com.sec.android.app.shealth
2026.02.14 03:50:21,03:50:21,63,com.sec.android.app.shealth
2026.02.14 04:00:21,04:00:21,111,com.sec.android.app.shealth
2026.02.14 04:10:01,04:10:01,56,com.sec.android.app.shealth
2026.02.14 04:20:09,04:20:09,59,com.sec.android.app.shealth
2026.02.14 04:30:09,04:30:09,53,com.sec.android.app.shealth
2026.02.14 04:40:09,04:40:09,52,com.sec.android.app.shealth
2026.02.14 04:50:09,04:50:09,58,com.sec.android.app.shealth
2026.02.14 05:00:13,05:00:13,86,com.sec.android.app.shealth
2026.02.14 05:10:09,05:10:09,61,com.sec.android.app.shealth
2026.02.14 05:20:09,05:20:09,58,com.sec.android.app.shealth
2026.02.14 05:30:20,05:30:20,86,com.sec.android.app.shealth
2026.02.14 05:40:09,05:40:09,68,com.sec.android.app.shealth
2026.02.14 05:50:09,05:50:09,56,com.sec.android.app.shealth
2026.02.14 06:00:12,06:00:12,55,com.sec.android.app.shealth
2026.02.14 06:10:13,06:10:13,55,com.sec.android.app.shealth
2026.02.14 06:20:08,06:20:08,99,com.sec.android.app.shealth
2026.02.14 06:30:09,06:30:09,55,com.sec.android.app.shealth
2026.02.14 06:40:09,06:40:09,57,com.sec.android.app.shealth
2026.02.14 06:50:09,06:50:09,54,com.sec.android.app.shealth
2026.02.14 07:00:21,07:00:21,128,com.sec.android.app.shealth
2026.02.14 07:30:01,07:30:01,103,com.sec.android.app.shealth
2026.02.14 07:40:01,07:40:01,71,com.sec.android.app.shealth
2026.02.14 07:50:01,07:50:01,73,com.sec.android.app.shealth
2026.02.14 08:00:01,08:00:01,78,com.sec.android.app.shealth
2026.02.14 08:10:01,08:10:01,63,com.sec.android.app.shealth
2026.02.14 08:20:01,08:20:01,102,com.sec.android.app.shealth
2026.02.14 08:30:00,08:30:00,76,com.sec.android.app.shealth
2026.02.14 08:40:01,08:40:01,101,com.sec.android.app.shealth
2026.02.14 08:50:01,08:50:01,99,com.sec.android.app.shealth
2026.02.14 09:00:01,09:00:01,101,com.sec.android.app.shealth
2026.02.14 09:10:01,09:10:01,94,com.sec.android.app.shealth
2026.02.14 09:20:02,09:20:02,95,com.sec.android.app.shealth
2026.02.14 09:30:01,09:30:01,83,com.sec.android.app.shealth
2026.02.14 09:40:01,09:40:01,91,com.sec.android.app.shealth
2026.02.14 09:50:01,09:50:01,92,com.sec.android.app.shealth
2026.02.14 10:00:01,10:00:01,91,com.sec.android.app.shealth
2026.02.14 10:10:00,10:10:00,81,com.sec.android.app.shealth
2026.02.14 10:20:01,10:20:01,86,com.sec.android.app.shealth
2026.02.14 10:30:01,10:30:01,87,com.sec.android.app.shealth
2026.02.14 10:40:01,10:40:01,94,com.sec.android.app.shealth
2026.02.14 10:50:00,10:50:00,91,com.sec.android.app.shealth
2026.02.14 11:00:01,11:00:01,102,com.sec.android.app.shealth
2026.02.14 11:10:01,11:10:01,79,com.sec.android.app.shealth
2026.02.14 11:20:01,11:20:01,84,com.sec.android.app.shealth
2026.02.14 11:30:01,11:30:01,83,com.sec.android.app.shealth
2026.02.14 11:40:00,11:40:00,83,com.sec.android.app.shealth
2026.02.14 11:50:01,11:50:01,80,com.sec.android.app.shealth
2026.02.14 12:00:01,12:00:01,75,com.sec.android.app.shealth
2026.02.14 12:10:01,12:10:01,86,com.sec.android.app.shealth
2026.02.14 12:20:01,12:20:01,96,com.sec.android.app.shealth
2026.02.14 12:30:01,12:30:01,80,com.sec.android.app.shealth
2026.02.14 12:40:01,12:40:01,76,com.sec.android.app.shealth
2026.02.14 12:50:01,12:50:01,91,com.sec.android.app.shealth
2026.02.14 13:00:02,13:00:02,96,com.sec.android.app.shealth
2026.02.14 13:10:01,13:10:01,89,com.sec.android.app.shealth
2026.02.14 13:20:01,13:20:01,83,com.sec.android.app.shealth
2026.02.14 13:30:01,13:30:01,100,com.sec.android.app.shealth
2026.02.14 13:40:01,13:40:01,83,com.sec.android.app.shealth
2026.02.14 13:50:01,13:50:01,86,com.sec.android.app.shealth
2026.02.14 14:00:01,14:00:01,93,com.sec.android.app.shealth
2026.02.14 14:10:01,14:10:01,89,com.sec.android.app.shealth
2026.02.14 14:20:01,14:20:01,111,com.sec.android.app.shealth
2026.02.14 14:30:01,14:30:01,82,com.sec.android.app.shealth
2026.02.14 14:40:00,14:40:00,68,com.sec.android.app.shealth
2026.02.14 14:50:01,14:50:01,94,com.sec.android.app.shealth
2026.02.14 15:00:01,15:00:01,82,com.sec.android.app.shealth
2026.02.14 15:10:01,15:10:01,75,com.sec.android.app.shealth
2026.02.14 15:20:01,15:20:01,76,com.sec.android.app.shealth
2026.02.14 15:30:01,15:30:01,88,com.sec.android.app.shealth
2026.02.14 15:40:01,15:40:01,82,com.sec.android.app.shealth
2026.02.14 15:50:01,15:50:01,80,com.sec.android.app.shealth
2026.02.14 16:00:00,16:00:00,85,com.sec.android.app.shealth
2026.02.14 16:10:01,16:10:01,86,com.sec.android.app.shealth
2026.02.14 16:20:01,16:20:01,86,com.sec.android.app.shealth
2026.02.14 16:30:01,16:30:01,81,com.sec.android.app.shealth
2026.02.14 16:40:01,16:40:01,89,com.sec.android.app.shealth
2026.02.14 16:50:00,16:50:00,82,com.sec.android.app.shealth
2026.02.14 17:00:01,17:00:01,90,com.sec.android.app.shealth
2026.02.14 17:10:01,17:10:01,82,com.sec.android.app.shealth
2026.02.14 17:20:01,17:20:01,97,com.sec.android.app.shealth
2026.02.14 18:20:01,18:20:01,81,com.sec.android.app.shealth
2026.02.14 18:30:00,18:30:00,89,com.sec.android.app.shealth
2026.02.14 18:40:00,18:40:00,83,com.sec.android.app.shealth
2026.02.14 18:50:01,18:50:01,85,com.sec.android.app.shealth
2026.02.14 19:00:01,19:00:01,91,com.sec.android.app.shealth
2026.02.14 19:10:01,19:10:01,85,com.sec.android.app.shealth
2026.02.14 19:20:01,19:20:01,108,com.sec.android.app.shealth
2026.02.14 19:30:00,19:30:00,75,com.sec.android.app.shealth
2026.02.14 19:40:00,19:40:00,70,com.sec.android.app.shealth
2026.02.14 19:50:01,19:50:01,69,com.sec.android.app.shealth
2026.02.14 20:00:01,20:00:01,107,com.sec.android.app.shealth
2026.02.14 20:10:01,20:10:01,86,com.sec.android.app.shealth
2026.02.14 20:20:02,20:20:02,80,com.sec.android.app.shealth
2026.02.14 20:30:01,20:30:01,79,com.sec.android.app.shealth
2026.02.14 20:40:01,20:40:01,71,com.sec.android.app.shealth
2026.02.14 20:50:01,20:50:01,78,com.sec.android.app.shealth
2026.02.14 21:00:01,21:00:01,81,com.sec.android.app.shealth
2026.02.14 21:10:01,21:10:01,86,com.sec.android.app.shealth
2026.02.14 21:20:01,21:20:01,122,com.sec.android.app.shealth
2026.02.14 21:30:00,21:30:00,95,com.sec.android.app.shealth
2026.02.14 21:40:01,21:40:01,84,com.sec.android.app.shealth
2026.02.14 21:50:01,21:50:01,91,com.sec.android.app.shealth
2026.02.14 22:00:01,22:00:01,98,com.sec.android.app.shealth
2026.02.14 22:10:00,22:10:00,102,com.sec.android.app.shealth
2026.02.14 22:20:01,22:20:01,88,com.sec.android.app.shealth
2026.02.14 22:30:01,22:30:01,90,com.sec.android.app.shealth
2026.02.15 00:50:03,00:50:03,93,com.sec.android.app.shealth
2026.02.15 01:00:03,01:00:03,62,com.sec.android.app.shealth
2026.02.15 01:10:02,01:10:02,75,com.sec.android.app.shealth
2026.02.15 01:20:14,01:20:14,60,com.sec.android.app.shealth
2026.02.15 01:30:12,01:30:12,59,com.sec.android.app.shealth
2026.02.15 01:40:11,01:40:11,61,com.sec.android.app.shealth
2026.02.15 01:50:12,01:50:12,59,com.sec.android.app.shealth
2026.02.15 02:00:11,02:00:11,62,com.sec.android.app.shealth
2026.02.15 02:10:11,02:10:11,62,com.sec.android.app.shealth
2026.02.15 02:20:23,02:20:23,60,com.sec.android.app.shealth
2026.02.15 02:30:11,02:30:11,56,com.sec.android.app.shealth
2026.02.15 02:40:12,02:40:12,58,com.sec.android.app.shealth
2026.02.15 02:50:14,02:50:14,58,com.sec.android.app.shealth
2026.02.15 03:00:10,03:00:10,57,com.sec.android.app.shealth
2026.02.15 03:10:13,03:10:13,56,com.sec.android.app.shealth
2026.02.15 03:20:11,03:20:11,53,com.sec.android.app.shealth
2026.02.15 03:30:12,03:30:12,55,com.sec.android.app.shealth
2026.02.15 03:40:10,03:40:10,53,com.sec.android.app.shealth
2026.02.15 03:50:11,03:50:11,56,com.sec.android.app.shealth
2026.02.15 04:00:10,04:00:10,58,com.sec.android.app.shealth
2026.02.15 04:10:09,04:10:09,57,com.sec.android.app.shealth
2026.02.15 04:20:12,04:20:12,80,com.sec.android.app.shealth
2026.02.15 04:30:09,04:30:09,53,com.sec.android.app.shealth
2026.02.15 04:40:09,04:40:09,52,com.sec.android.app.shealth
2026.02.15 04:50:11,04:50:11,56,com.sec.android.app.shealth
2026.02.15 05:00:16,05:00:16,90,com.sec.android.app.shealth
2026.02.15 05:10:09,05:10:09,52,com.sec.android.app.shealth
2026.02.15 05:20:09,05:20:09,52,com.sec.android.app.shealth
2026.02.15 05:30:14,05:30:14,52,com.sec.android.app.shealth
2026.02.15 05:40:09,05:40:09,54,com.sec.android.app.shealth
2026.02.15 05:50:10,05:50:10,56,com.sec.android.app.shealth
2026.02.15 06:00:16,06:00:16,79,com.sec.android.app.shealth
2026.02.15 06:10:18,06:10:18,51,com.sec.android.app.shealth
2026.02.15 06:20:09,06:20:09,55,com.sec.android.app.shealth
2026.02.15 06:30:09,06:30:09,55,com.sec.android.app.shealth
2026.02.15 06:40:11,06:40:11,53,com.sec.android.app.shealth
2026.02.15 06:50:21,06:50:21,50,com.sec.android.app.shealth
2026.02.15 07:00:22,07:00:22,91,com.sec.android.app.shealth
2026.02.15 07:10:14,07:10:14,56,com.sec.android.app.shealth
2026.02.15 07:20:09,07:20:09,54,com.sec.android.app.shealth
2026.02.15 07:30:12,07:30:12,55,com.sec.android.app.shealth
2026.02.15 07:40:09,07:40:09,51,com.sec.android.app.shealth
2026.02.15 07:50:09,07:50:09,57,com.sec.android.app.shealth
2026.02.15 08:00:21,08:00:21,53,com.sec.android.app.shealth
2026.02.15 08:10:14,08:10:14,72,com.sec.android.app.shealth
2026.02.15 08:20:13,08:20:13,51,com.sec.android.app.shealth
2026.02.15 08:30:10,08:30:10,52,com.sec.android.app.shealth
2026.02.15 08:40:14,08:40:14,53,com.sec.android.app.shealth
2026.02.15 08:50:16,08:50:16,52,com.sec.android.app.shealth
2026.02.15 09:00:16,09:00:16,96,com.sec.android.app.shealth
2026.02.15 09:10:21,09:10:21,79,com.sec.android.app.shealth
2026.02.15 09:20:09,09:20:09,56,com.sec.android.app.shealth
2026.02.15 09:30:10,09:30:10,62,com.sec.android.app.shealth
2026.02.15 09:40:02,09:40:02,62,com.sec.android.app.shealth
2026.02.15 09:50:01,09:50:01,99,com.sec.android.app.shealth
2026.02.15 10:00:01,10:00:01,55,com.sec.android.app.shealth
2026.02.15 18:40:02,18:40:02,80,com.sec.android.app.shealth
2026.02.15 18:50:02,18:50:02,90,com.sec.android.app.shealth
2026.02.15 19:00:01,19:00:01,67,com.sec.android.app.shealth
2026.02.15 19:10:01,19:10:01,73,com.sec.android.app.shealth
2026.02.15 19:20:01,19:20:01,66,com.sec.android.app.shealth
2026.02.15 19:30:01,19:30:01,62,com.sec.android.app.shealth
2026.02.15 19:40:01,19:40:01,66,com.sec.android.app.shealth
2026.02.15 19:50:01,19:50:01,95,com.sec.android.app.shealth
2026.02.15 20:00:01,20:00:01,98,com.sec.android.app.shealth
2026.02.15 20:10:01,20:10:01,79,com.sec.android.app.shealth
2026.02.15 20:20:01,20:20:01,100,com.sec.android.app.shealth
2026.02.15 20:30:01,20:30:01,86,com.sec.android.app.shealth
2026.02.15 20:40:01,20:40:01,64,com.sec.android.app.shealth
2026.02.15 20:50:01,20:50:01,62,com.sec.android.app.shealth
2026.02.15 21:00:01,21:00:01,68,com.sec.android.app.shealth
2026.02.15 21:10:02,21:10:02,68,com.sec.android.app.shealth
2026.02.15 21:20:01,21:20:01,62,com.sec.android.app.shealth
2026.02.15 21:30:01,21:30:01,62,com.sec.android.app.shealth
2026.02.15 21:40:01,21:40:01,74,com.sec.android.app.shealth
2026.02.15 21:50:01,21:50:01,62,com.sec.android.app.shealth
2026.02.15 22:00:01,22:00:01,64,com.sec.android.app.shealth
2026.02.15 22:10:02,22:10:02,62,com.sec.android.app.shealth
2026.02.15 22:20:01,22:20:01,66,com.sec.android.app.shealth
2026.02.15 22:30:02,22:30:02,97,com.sec.android.app.shealth
2026.02.15 22:40:01,22:40:01,59,com.sec.android.app.shealth
2026.02.15 22:50:00,22:50:00,61,com.sec.android.app.shealth
2026.02.15 23:00:01,23:00:01,77,com.sec.android.app.shealth
2026.02.15 23:10:02,23:10:02,73,com.sec.android.app.shealth
2026.02.15 23:20:02,23:20:02,58,com.sec.android.app.shealth
2026.02.15 23:30:01,23:30:01,74,com.sec.android.app.shealth
2026.02.15 23:40:01,23:40:01,59,com.sec.android.app.shealth
2026.02.15 23:50:02,23:50:02,63,com.sec.android.app.shealth
2026.02.15 23:59:48,23:59:48,52,com.sec.android.app.shealth
2026.02.16 00:10:14,00:10:14,52,com.sec.android.app.shealth
2026.02.16 00:20:22,00:20:22,52,com.sec.android.app.shealth
2026.02.16 00:30:27,00:30:27,53,com.sec.android.app.shealth
2026.02.16 00:40:33,00:40:33,53,com.sec.android.app.shealth
2026.02.16 00:50:23,00:50:23,52,com.sec.android.app.shealth
2026.02.16 01:00:23,01:00:23,53,com.sec.android.app.shealth
2026.02.16 01:10:26,01:10:26,52,com.sec.android.app.shealth
2026.02.16 01:20:23,01:20:23,57,com.sec.android.app.shealth
2026.02.16 01:30:22,01:30:22,61,com.sec.android.app.shealth
2026.02.16 01:40:27,01:40:27,56,com.sec.android.app.shealth
2026.02.16 01:50:22,01:50:22,62,com.sec.android.app.shealth
2026.02.16 02:00:22,02:00:22,55,com.sec.android.app.shealth
2026.02.16 02:10:22,02:10:22,55,com.sec.android.app.shealth
2026.02.16 02:20:23,02:20:23,52,com.sec.android.app.shealth
2026.02.16 02:30:22,02:30:22,53,com.sec.android.app.shealth
2026.02.16 02:40:31,02:40:31,51,com.sec.android.app.shealth
2026.02.16 02:50:22,02:50:22,51,com.sec.android.app.shealth
2026.02.16 11:20:01,11:20:01,89,com.sec.android.app.shealth
2026.02.16 11:30:00,11:30:00,108,com.sec.android.app.shealth
2026.02.16 11:40:00,11:40:00,67,com.sec.android.app.shealth
2026.02.16 11:50:01,11:50:01,71,com.sec.android.app.shealth
2026.02.16 12:00:00,12:00:00,76,com.sec.android.app.shealth
2026.02.16 12:58:00,12:58:00,105,com.sec.android.app.shealth
2026.02.16 12:59:00,12:59:00,106,com.sec.android.app.shealth
2026.02.16 12:10:00,12:10:00,94,com.sec.android.app.shealth
2026.02.16 12:20:00,12:20:00,80,com.sec.android.app.shealth
2026.02.16 12:30:00,12:30:00,87,com.sec.android.app.shealth
2026.02.16 12:40:00,12:40:00,112,com.sec.android.app.shealth
2026.02.16 12:50:01,12:50:01,141,com.sec.android.app.shealth
2026.02.16 13:00:00,13:00:00,109,com.sec.android.app.shealth
2026.02.16 13:01:00,13:01:00,114,com.sec.android.app.shealth
2026.02.16 13:02:00,13:02:00,106,com.sec.android.app.shealth
2026.02.16 13:04:00,13:04:00,103,com.sec.android.app.shealth
2026.02.16 13:04:00,13:04:00,87,com.sec.android.app.shealth
2026.02.16 13:05:00,13:05:00,127,com.sec.android.app.shealth
2026.02.16 13:06:00,13:06:00,127,com.sec.android.app.shealth
2026.02.16 13:07:00,13:07:00,136,com.sec.android.app.shealth
2026.02.16 13:08:00,13:08:00,120,com.sec.android.app.shealth
2026.02.16 13:09:00,13:09:00,116,com.sec.android.app.shealth
2026.02.16 13:10:00,13:10:00,130,com.sec.android.app.shealth
2026.02.16 13:11:00,13:11:00,113,com.sec.android.app.shealth
2026.02.16 13:12:00,13:12:00,105,com.sec.android.app.shealth
2026.02.16 13:13:00,13:13:00,115,com.sec.android.app.shealth
2026.02.16 13:14:00,13:14:00,121,com.sec.android.app.shealth
2026.02.16 13:15:00,13:15:00,116,com.sec.android.app.shealth
2026.02.16 13:16:00,13:16:00,103,com.sec.android.app.shealth
2026.02.16 13:18:00,13:18:00,125,com.sec.android.app.shealth
2026.02.16 13:18:00,13:18:00,113,com.sec.android.app.shealth
2026.02.16 13:19:00,13:19:00,103,com.sec.android.app.shealth
2026.02.16 13:20:00,13:20:00,96,com.sec.android.app.shealth
2026.02.16 13:21:00,13:21:00,120,com.sec.android.app.shealth
2026.02.16 13:22:00,13:22:00,121,com.sec.android.app.shealth
2026.02.16 13:23:00,13:23:00,135,com.sec.android.app.shealth
2026.02.16 13:25:00,13:25:00,144,com.sec.android.app.shealth
2026.02.16 13:26:00,13:26:00,119,com.sec.android.app.shealth
2026.02.16 13:26:00,13:26:00,103,com.sec.android.app.shealth
2026.02.16 13:27:00,13:27:00,104,com.sec.android.app.shealth
2026.02.16 13:28:00,13:28:00,107,com.sec.android.app.shealth
2026.02.16 13:29:00,13:29:00,109,com.sec.android.app.shealth
2026.02.16 13:30:00,13:30:00,131,com.sec.android.app.shealth
2026.02.16 13:32:00,13:32:00,113,com.sec.android.app.shealth
2026.02.16 13:32:00,13:32:00,104,com.sec.android.app.shealth
2026.02.16 13:33:00,13:33:00,109,com.sec.android.app.shealth
2026.02.16 13:35:00,13:35:00,106,com.sec.android.app.shealth
2026.02.16 13:36:00,13:36:00,94,com.sec.android.app.shealth
2026.02.16 13:36:00,13:36:00,105,com.sec.android.app.shealth
2026.02.16 13:37:00,13:37:00,104,com.sec.android.app.shealth
2026.02.16 13:38:00,13:38:00,116,com.sec.android.app.shealth
2026.02.16 13:39:00,13:39:00,124,com.sec.android.app.shealth
2026.02.16 13:40:00,13:40:00,114,com.sec.android.app.shealth
2026.02.16 13:41:00,13:41:00,118,com.sec.android.app.shealth
2026.02.16 13:42:00,13:42:00,115,com.sec.android.app.shealth
2026.02.16 13:43:00,13:43:00,121,com.sec.android.app.shealth
2026.02.16 13:44:00,13:44:00,121,com.sec.android.app.shealth
2026.02.16 13:45:00,13:45:00,109,com.sec.android.app.shealth
2026.02.16 13:46:00,13:46:00,112,com.sec.android.app.shealth
2026.02.16 13:47:00,13:47:00,107,com.sec.android.app.shealth
2026.02.16 13:48:00,13:48:00,105,com.sec.android.app.shealth
2026.02.16 13:49:00,13:49:00,104,com.sec.android.app.shealth
2026.02.16 13:50:00,13:50:00,103,com.sec.android.app.shealth
2026.02.16 13:51:00,13:51:00,104,com.sec.android.app.shealth
2026.02.16 13:52:00,13:52:00,102,com.sec.android.app.shealth
2026.02.16 13:54:00,13:54:00,113,com.sec.android.app.shealth
2026.02.16 13:54:00,13:54:00,139,com.sec.android.app.shealth
2026.02.16 13:55:00,13:55:00,118,com.sec.android.app.shealth
2026.02.16 13:56:00,13:56:00,114,com.sec.android.app.shealth
2026.02.16 13:57:00,13:57:00,123,com.sec.android.app.shealth
2026.02.16 13:58:00,13:58:00,100,com.sec.android.app.shealth
2026.02.16 13:59:00,13:59:00,101,com.sec.android.app.shealth
2026.02.16 14:00:00,14:00:00,106,com.sec.android.app.shealth
2026.02.16 14:02:00,14:02:00,134,com.sec.android.app.shealth
2026.02.16 14:02:00,14:02:00,116,com.sec.android.app.shealth
2026.02.16 14:03:00,14:03:00,111,com.sec.android.app.shealth
2026.02.16 14:04:00,14:04:00,124,com.sec.android.app.shealth
2026.02.16 14:05:00,14:05:00,116,com.sec.android.app.shealth
2026.02.16 14:06:00,14:06:00,106,com.sec.android.app.shealth
2026.02.16 14:07:00,14:07:00,134,com.sec.android.app.shealth
2026.02.16 14:08:00,14:08:00,128,com.sec.android.app.shealth
2026.02.16 14:09:00,14:09:00,111,com.sec.android.app.shealth
2026.02.16 14:10:00,14:10:00,107,com.sec.android.app.shealth
2026.02.16 14:11:00,14:11:00,105,com.sec.android.app.shealth
2026.02.16 14:12:00,14:12:00,113,com.sec.android.app.shealth
2026.02.16 14:13:00,14:13:00,113,com.sec.android.app.shealth
2026.02.16 14:14:00,14:14:00,110,com.sec.android.app.shealth
2026.02.16 14:15:00,14:15:00,123,com.sec.android.app.shealth
2026.02.16 14:16:00,14:16:00,122,com.sec.android.app.shealth
2026.02.16 14:17:00,14:17:00,123,com.sec.android.app.shealth
2026.02.16 14:19:00,14:19:00,119,com.sec.android.app.shealth
2026.02.16 14:19:00,14:19:00,118,com.sec.android.app.shealth
2026.02.16 14:20:00,14:20:00,111,com.sec.android.app.shealth
2026.02.16 14:21:00,14:21:00,108,com.sec.android.app.shealth
2026.02.16 14:22:00,14:22:00,111,com.sec.android.app.shealth
2026.02.16 14:23:00,14:23:00,114,com.sec.android.app.shealth
2026.02.16 14:24:00,14:24:00,128,com.sec.android.app.shealth
2026.02.16 14:25:00,14:25:00,111,com.sec.android.app.shealth
2026.02.16 14:26:00,14:26:00,118,com.sec.android.app.shealth
2026.02.16 14:27:00,14:27:00,126,com.sec.android.app.shealth
2026.02.16 14:28:00,14:28:00,93,com.sec.android.app.shealth
2026.02.16 14:29:00,14:29:00,91,com.sec.android.app.shealth
2026.02.16 14:30:00,14:30:00,91,com.sec.android.app.shealth
2026.02.16 14:31:00,14:31:00,130,com.sec.android.app.shealth
2026.02.16 14:33:00,14:33:00,98,com.sec.android.app.shealth
2026.02.16 14:34:00,14:34:00,120,com.sec.android.app.shealth
2026.02.16 14:34:00,14:34:00,108,com.sec.android.app.shealth
2026.02.16 14:35:00,14:35:00,109,com.sec.android.app.shealth
2026.02.16 14:36:00,14:36:00,125,com.sec.android.app.shealth
2026.02.16 14:37:00,14:37:00,124,com.sec.android.app.shealth
2026.02.16 14:38:00,14:38:00,120,com.sec.android.app.shealth
2026.02.16 14:39:00,14:39:00,120,com.sec.android.app.shealth
2026.02.16 14:40:00,14:40:00,118,com.sec.android.app.shealth
2026.02.16 14:41:00,14:41:00,124,com.sec.android.app.shealth
2026.02.16 14:41:00,14:41:00,120,com.sec.android.app.shealth
2026.02.16 14:41:45,14:41:45,120,com.sec.android.app.shealth
2026.02.16 14:50:00,14:50:00,112,com.sec.android.app.shealth
2026.02.16 15:00:02,15:00:02,108,com.sec.android.app.shealth
2026.02.16 15:10:00,15:10:00,102,com.sec.android.app.shealth
2026.02.16 15:20:01,15:20:01,99,com.sec.android.app.shealth
2026.02.16 15:30:00,15:30:00,75,com.sec.android.app.shealth
2026.02.16 15:40:01,15:40:01,100,com.sec.android.app.shealth
2026.02.16 15:50:01,15:50:01,85,com.sec.android.app.shealth
2026.02.16 16:00:00,16:00:00,105,com.sec.android.app.shealth
2026.02.16 16:10:00,16:10:00,79,com.sec.android.app.shealth
2026.02.16 16:20:01,16:20:01,75,com.sec.android.app.shealth
2026.02.16 16:30:01,16:30:01,76,com.sec.android.app.shealth
2026.02.16 16:40:01,16:40:01,78,com.sec.android.app.shealth
2026.02.16 16:50:00,16:50:00,80,com.sec.android.app.shealth
2026.02.16 17:00:01,17:00:01,80,com.sec.android.app.shealth
2026.02.16 18:10:01,18:10:01,98,com.sec.android.app.shealth
2026.02.16 18:20:01,18:20:01,98,com.sec.android.app.shealth
2026.02.16 18:30:01,18:30:01,105,com.sec.android.app.shealth
2026.02.16 18:40:01,18:40:01,86,com.sec.android.app.shealth
2026.02.16 18:50:01,18:50:01,108,com.sec.android.app.shealth
2026.02.16 19:00:01,19:00:01,75,com.sec.android.app.shealth
2026.02.16 19:10:01,19:10:01,79,com.sec.android.app.shealth
2026.02.16 19:20:01,19:20:01,68,com.sec.android.app.shealth
2026.02.16 19:30:00,19:30:00,93,com.sec.android.app.shealth
2026.02.16 19:40:01,19:40:01,70,com.sec.android.app.shealth
2026.02.16 19:50:01,19:50:01,101,com.sec.android.app.shealth
2026.02.16 20:00:01,20:00:01,74,com.sec.android.app.shealth
2026.02.16 20:10:00,20:10:00,80,com.sec.android.app.shealth
2026.02.16 20:20:01,20:20:01,71,com.sec.android.app.shealth
2026.02.16 20:30:01,20:30:01,82,com.sec.android.app.shealth
2026.02.16 20:40:01,20:40:01,72,com.sec.android.app.shealth
2026.02.16 20:50:01,20:50:01,82,com.sec.android.app.shealth
2026.02.16 21:00:00,21:00:00,71,com.sec.android.app.shealth
2026.02.16 21:10:00,21:10:00,65,com.sec.android.app.shealth
2026.02.16 21:20:01,21:20:01,73,com.sec.android.app.shealth
2026.02.16 21:30:00,21:30:00,69,com.sec.android.app.shealth
2026.02.16 21:40:02,21:40:02,92,com.sec.android.app.shealth
2026.02.16 21:50:00,21:50:00,74,com.sec.android.app.shealth
2026.02.16 22:00:01,22:00:01,71,com.sec.android.app.shealth
2026.02.17 00:10:02,00:10:02,61,com.sec.android.app.shealth
2026.02.17 00:20:01,00:20:01,68,com.sec.android.app.shealth
2026.02.17 00:30:10,00:30:10,61,com.sec.android.app.shealth
2026.02.17 00:40:10,00:40:10,60,com.sec.android.app.shealth
2026.02.17 00:50:10,00:50:10,61,com.sec.android.app.shealth
2026.02.17 01:00:09,01:00:09,59,com.sec.android.app.shealth
2026.02.17 01:10:10,01:10:10,67,com.sec.android.app.shealth
2026.02.17 01:20:09,01:20:09,63,com.sec.android.app.shealth
2026.02.17 01:30:15,01:30:15,58,com.sec.android.app.shealth
2026.02.17 01:40:10,01:40:10,57,com.sec.android.app.shealth
2026.02.17 01:50:09,01:50:09,54,com.sec.android.app.shealth
2026.02.17 02:00:10,02:00:10,54,com.sec.android.app.shealth
2026.02.17 02:10:09,02:10:09,53,com.sec.android.app.shealth
2026.02.17 02:20:09,02:20:09,54,com.sec.android.app.shealth
2026.02.17 02:30:11,02:30:11,53,com.sec.android.app.shealth
2026.02.17 02:40:21,02:40:21,80,com.sec.android.app.shealth
2026.02.17 02:50:18,02:50:18,52,com.sec.android.app.shealth
2026.02.17 03:00:21,03:00:21,63,com.sec.android.app.shealth
2026.02.17 03:10:19,03:10:19,53,com.sec.android.app.shealth
2026.02.17 03:20:09,03:20:09,51,com.sec.android.app.shealth
2026.02.17 03:30:13,03:30:13,53,com.sec.android.app.shealth
2026.02.17 03:40:09,03:40:09,51,com.sec.android.app.shealth
2026.02.17 03:50:12,03:50:12,62,com.sec.android.app.shealth
2026.02.17 04:00:09,04:00:09,59,com.sec.android.app.shealth
2026.02.17 04:10:11,04:10:11,67,com.sec.android.app.shealth
2026.02.17 04:20:09,04:20:09,59,com.sec.android.app.shealth
2026.02.17 04:30:11,04:30:11,57,com.sec.android.app.shealth
2026.02.17 04:40:08,04:40:08,53,com.sec.android.app.shealth
2026.02.17 04:50:13,04:50:13,56,com.sec.android.app.shealth
2026.02.17 05:00:12,05:00:12,88,com.sec.android.app.shealth
2026.02.17 05:10:09,05:10:09,77,com.sec.android.app.shealth
2026.02.17 05:20:21,05:20:21,80,com.sec.android.app.shealth
2026.02.17 05:30:21,05:30:21,89,com.sec.android.app.shealth
2026.02.17 05:40:01,05:40:01,51,com.sec.android.app.shealth
2026.02.17 06:10:00,06:10:00,89,com.sec.android.app.shealth
2026.02.17 06:20:01,06:20:01,85,com.sec.android.app.shealth
2026.02.17 06:30:01,06:30:01,64,com.sec.android.app.shealth
2026.02.17 06:40:00,06:40:00,74,com.sec.android.app.shealth
2026.02.17 06:50:01,06:50:01,65,com.sec.android.app.shealth
2026.02.17 07:00:00,07:00:00,70,com.sec.android.app.shealth
2026.02.17 07:10:01,07:10:01,66,com.sec.android.app.shealth
2026.02.17 07:20:00,07:20:00,51,com.sec.android.app.shealth
2026.02.17 07:30:01,07:30:01,55,com.sec.android.app.shealth
2026.02.17 07:40:09,07:40:09,55,com.sec.android.app.shealth
2026.02.17 07:50:09,07:50:09,52,com.sec.android.app.shealth
2026.02.17 08:00:21,08:00:21,95,com.sec.android.app.shealth
2026.02.17 08:10:01,08:10:01,109,com.sec.android.app.shealth
2026.02.17 08:20:01,08:20:01,88,com.sec.android.app.shealth
2026.02.17 08:30:01,08:30:01,105,com.sec.android.app.shealth
2026.02.17 08:40:01,08:40:01,114,com.sec.android.app.shealth
2026.02.17 08:50:01,08:50:01,86,com.sec.android.app.shealth
2026.02.17 09:00:01,09:00:01,75,com.sec.android.app.shealth
2026.02.17 09:10:02,09:10:02,96,com.sec.android.app.shealth
2026.02.17 09:20:00,09:20:00,118,com.sec.android.app.shealth
2026.02.17 09:30:00,09:30:00,139,com.sec.android.app.shealth
2026.02.17 09:40:01,09:40:01,87,com.sec.android.app.shealth
2026.02.17 09:50:01,09:50:01,111,com.sec.android.app.shealth
2026.02.17 10:00:01,10:00:01,97,com.sec.android.app.shealth
2026.02.17 10:10:01,10:10:01,89,com.sec.android.app.shealth
2026.02.17 10:20:01,10:20:01,87,com.sec.android.app.shealth
2026.02.17 10:30:00,10:30:00,89,com.sec.android.app.shealth
2026.02.17 10:40:01,10:40:01,98,com.sec.android.app.shealth
2026.02.17 10:50:00,10:50:00,94,com.sec.android.app.shealth
2026.02.17 11:00:01,11:00:01,89,com.sec.android.app.shealth
2026.02.17 11:10:01,11:10:01,83,com.sec.android.app.shealth
2026.02.17 11:20:01,11:20:01,82,com.sec.android.app.shealth
2026.02.17 11:30:01,11:30:01,117,com.sec.android.app.shealth
2026.02.17 11:40:00,11:40:00,100,com.sec.android.app.shealth
2026.02.17 11:50:00,11:50:00,116,com.sec.android.app.shealth
2026.02.17 12:00:01,12:00:01,80,com.sec.android.app.shealth
2026.02.17 12:10:01,12:10:01,89,com.sec.android.app.shealth
2026.02.17 12:20:01,12:20:01,111,com.sec.android.app.shealth
2026.02.17 12:30:01,12:30:01,95,com.sec.android.app.shealth
2026.02.17 12:40:00,12:40:00,112,com.sec.android.app.shealth
2026.02.17 12:50:01,12:50:01,101,com.sec.android.app.shealth
2026.02.17 13:00:02,13:00:02,118,com.sec.android.app.shealth
2026.02.17 13:10:02,13:10:02,96,com.sec.android.app.shealth
2026.02.17 13:20:00,13:20:00,89,com.sec.android.app.shealth
2026.02.17 13:30:01,13:30:01,86,com.sec.android.app.shealth
2026.02.17 13:40:01,13:40:01,85,com.sec.android.app.shealth
2026.02.17 13:50:01,13:50:01,95,com.sec.android.app.shealth
2026.02.17 14:00:01,14:00:01,80,com.sec.android.app.shealth
2026.02.17 14:10:01,14:10:01,98,com.sec.android.app.shealth
2026.02.17 14:20:01,14:20:01,92,com.sec.android.app.shealth
2026.02.17 14:30:01,14:30:01,88,com.sec.android.app.shealth
2026.02.17 14:40:01,14:40:01,97,com.sec.android.app.shealth
2026.02.17 14:50:00,14:50:00,121,com.sec.android.app.shealth
2026.02.17 15:00:01,15:00:01,89,com.sec.android.app.shealth
2026.02.17 15:10:02,15:10:02,84,com.sec.android.app.shealth
2026.02.17 15:20:02,15:20:02,80,com.sec.android.app.shealth
2026.02.17 15:30:00,15:30:00,83,com.sec.android.app.shealth
2026.02.17 15:40:01,15:40:01,74,com.sec.android.app.shealth
2026.02.17 15:50:01,15:50:01,112,com.sec.android.app.shealth
2026.02.17 16:00:01,16:00:01,94,com.sec.android.app.shealth
2026.02.17 16:10:01,16:10:01,97,com.sec.android.app.shealth
2026.02.17 16:20:00,16:20:00,91,com.sec.android.app.shealth
2026.02.17 16:30:01,16:30:01,84,com.sec.android.app.shealth
2026.02.17 19:44:00,19:44:00,86,com.sec.android.app.shealth
2026.02.17 19:46:00,19:46:00,89,com.sec.android.app.shealth
2026.02.17 19:47:00,19:47:00,92,com.sec.android.app.shealth
2026.02.17 19:48:00,19:48:00,94,com.sec.android.app.shealth
2026.02.17 19:48:00,19:48:00,91,com.sec.android.app.shealth
2026.02.17 19:50:00,19:50:00,90,com.sec.android.app.shealth
2026.02.17 19:51:00,19:51:00,85,com.sec.android.app.shealth
2026.02.17 19:51:00,19:51:00,84,com.sec.android.app.shealth
2026.02.17 19:53:00,19:53:00,89,com.sec.android.app.shealth
2026.02.17 19:53:00,19:53:00,86,com.sec.android.app.shealth
2026.02.17 19:54:00,19:54:00,93,com.sec.android.app.shealth
2026.02.17 19:55:00,19:55:00,117,com.sec.android.app.shealth
2026.02.17 19:56:00,19:56:00,104,com.sec.android.app.shealth
2026.02.17 19:57:00,19:57:00,99,com.sec.android.app.shealth
2026.02.17 19:59:00,19:59:00,91,com.sec.android.app.shealth
2026.02.17 19:59:00,19:59:00,88,com.sec.android.app.shealth
2026.02.17 19:10:01,19:10:01,97,com.sec.android.app.shealth
2026.02.17 19:20:01,19:20:01,91,com.sec.android.app.shealth
2026.02.17 19:30:01,19:30:01,101,com.sec.android.app.shealth
2026.02.17 19:40:01,19:40:01,124,com.sec.android.app.shealth
2026.02.17 20:00:00,20:00:00,102,com.sec.android.app.shealth
2026.02.17 20:01:00,20:01:00,120,com.sec.android.app.shealth
2026.02.17 20:02:00,20:02:00,109,com.sec.android.app.shealth
2026.02.17 20:03:00,20:03:00,104,com.sec.android.app.shealth
2026.02.17 20:04:00,20:04:00,101,com.sec.android.app.shealth
2026.02.17 20:06:00,20:06:00,104,com.sec.android.app.shealth
2026.02.17 20:07:00,20:07:00,100,com.sec.android.app.shealth
2026.02.17 20:08:00,20:08:00,108,com.sec.android.app.shealth
2026.02.17 20:08:00,20:08:00,106,com.sec.android.app.shealth
2026.02.17 20:09:00,20:09:00,106,com.sec.android.app.shealth
2026.02.17 20:10:00,20:10:00,94,com.sec.android.app.shealth
2026.02.17 20:11:00,20:11:00,101,com.sec.android.app.shealth
2026.02.17 20:12:00,20:12:00,85,com.sec.android.app.shealth
2026.02.17 20:13:00,20:13:00,85,com.sec.android.app.shealth
2026.02.17 20:14:00,20:14:00,94,com.sec.android.app.shealth
2026.02.17 20:15:00,20:15:00,84,com.sec.android.app.shealth
2026.02.17 20:17:00,20:17:00,101,com.sec.android.app.shealth
2026.02.17 20:17:00,20:17:00,106,com.sec.android.app.shealth
2026.02.17 20:18:00,20:18:00,79,com.sec.android.app.shealth
2026.02.17 20:19:00,20:19:00,80,com.sec.android.app.shealth
2026.02.17 20:20:00,20:20:00,86,com.sec.android.app.shealth
2026.02.17 20:21:00,20:21:00,96,com.sec.android.app.shealth
2026.02.17 20:22:00,20:22:00,80,com.sec.android.app.shealth
2026.02.17 20:23:00,20:23:00,86,com.sec.android.app.shealth
2026.02.17 20:24:00,20:24:00,96,com.sec.android.app.shealth
2026.02.17 20:25:00,20:25:00,90,com.sec.android.app.shealth
2026.02.17 20:26:00,20:26:00,87,com.sec.android.app.shealth
2026.02.17 20:27:00,20:27:00,91,com.sec.android.app.shealth
2026.02.17 20:28:00,20:28:00,92,com.sec.android.app.shealth
2026.02.17 20:29:00,20:29:00,96,com.sec.android.app.shealth
2026.02.17 20:30:00,20:30:00,94,com.sec.android.app.shealth
2026.02.17 20:32:00,20:32:00,95,com.sec.android.app.shealth
2026.02.17 20:33:00,20:33:00,101,com.sec.android.app.shealth
2026.02.17 20:34:00,20:34:00,94,com.sec.android.app.shealth
2026.02.17 20:35:00,20:35:00,123,com.sec.android.app.shealth
2026.02.17 20:35:00,20:35:00,115,com.sec.android.app.shealth
2026.02.17 20:36:00,20:36:00,96,com.sec.android.app.shealth
2026.02.17 20:37:00,20:37:00,102,com.sec.android.app.shealth
2026.02.17 20:38:00,20:38:00,97,com.sec.android.app.shealth
2026.02.17 20:39:00,20:39:00,93,com.sec.android.app.shealth
2026.02.17 20:40:00,20:40:00,106,com.sec.android.app.shealth
2026.02.17 20:41:00,20:41:00,107,com.sec.android.app.shealth
2026.02.17 20:42:00,20:42:00,99,com.sec.android.app.shealth
2026.02.17 20:43:00,20:43:00,94,com.sec.android.app.shealth
2026.02.17 20:45:00,20:45:00,96,com.sec.android.app.shealth
2026.02.17 20:46:00,20:46:00,100,com.sec.android.app.shealth
2026.02.17 20:47:00,20:47:00,96,com.sec.android.app.shealth
2026.02.17 20:48:00,20:48:00,89,com.sec.android.app.shealth
2026.02.17 20:49:00,20:49:00,97,com.sec.android.app.shealth
2026.02.17 20:49:00,20:49:00,94,com.sec.android.app.shealth
2026.02.17 20:51:00,20:51:00,97,com.sec.android.app.shealth
2026.02.17 20:51:00,20:51:00,98,com.sec.android.app.shealth
2026.02.17 20:53:00,20:53:00,92,com.sec.android.app.shealth
2026.02.17 20:54:00,20:54:00,108,com.sec.android.app.shealth
2026.02.17 20:54:00,20:54:00,89,com.sec.android.app.shealth
2026.02.17 20:55:00,20:55:00,83,com.sec.android.app.shealth
2026.02.17 20:56:00,20:56:00,92,com.sec.android.app.shealth
2026.02.17 20:57:00,20:57:00,101,com.sec.android.app.shealth
2026.02.17 20:58:00,20:58:00,98,com.sec.android.app.shealth
2026.02.17 21:00:00,21:00:00,106,com.sec.android.app.shealth
2026.02.17 21:00:00,21:00:00,100,com.sec.android.app.shealth
2026.02.17 21:01:00,21:01:00,101,com.sec.android.app.shealth
2026.02.17 21:02:00,21:02:00,96,com.sec.android.app.shealth
2026.02.17 21:03:00,21:03:00,93,com.sec.android.app.shealth
2026.02.17 21:04:00,21:04:00,92,com.sec.android.app.shealth
2026.02.17 21:05:00,21:05:00,95,com.sec.android.app.shealth
2026.02.17 21:06:00,21:06:00,96,com.sec.android.app.shealth
2026.02.17 21:07:00,21:07:00,91,com.sec.android.app.shealth
2026.02.17 21:08:00,21:08:00,82,com.sec.android.app.shealth
2026.02.17 21:09:00,21:09:00,98,com.sec.android.app.shealth
2026.02.17 21:10:00,21:10:00,92,com.sec.android.app.shealth
2026.02.17 21:11:00,21:11:00,97,com.sec.android.app.shealth
2026.02.17 21:12:00,21:12:00,113,com.sec.android.app.shealth
2026.02.17 21:13:00,21:13:00,109,com.sec.android.app.shealth
2026.02.17 21:14:00,21:14:00,113,com.sec.android.app.shealth
2026.02.17 21:15:00,21:15:00,122,com.sec.android.app.shealth
2026.02.17 21:16:00,21:16:00,115,com.sec.android.app.shealth
2026.02.17 21:17:00,21:17:00,120,com.sec.android.app.shealth
2026.02.17 21:18:00,21:18:00,114,com.sec.android.app.shealth
2026.02.17 21:20:00,21:20:00,90,com.sec.android.app.shealth
2026.02.17 21:20:00,21:20:00,91,com.sec.android.app.shealth
2026.02.17 21:21:00,21:21:00,118,com.sec.android.app.shealth
2026.02.17 21:22:00,21:22:00,117,com.sec.android.app.shealth
2026.02.17 21:23:00,21:23:00,115,com.sec.android.app.shealth
2026.02.17 21:24:00,21:24:00,111,com.sec.android.app.shealth
2026.02.17 21:25:00,21:25:00,108,com.sec.android.app.shealth
2026.02.17 21:26:00,21:26:00,114,com.sec.android.app.shealth
2026.02.17 21:27:00,21:27:00,112,com.sec.android.app.shealth
2026.02.17 21:28:00,21:28:00,93,com.sec.android.app.shealth
2026.02.17 21:29:00,21:29:00,111,com.sec.android.app.shealth
2026.02.17 21:30:00,21:30:00,109,com.sec.android.app.shealth
2026.02.17 21:31:00,21:31:00,110,com.sec.android.app.shealth
2026.02.17 21:32:00,21:32:00,107,com.sec.android.app.shealth
2026.02.17 21:33:00,21:33:00,103,com.sec.android.app.shealth
2026.02.17 21:34:00,21:34:00,101,com.sec.android.app.shealth
2026.02.17 21:35:00,21:35:00,100,com.sec.android.app.shealth
2026.02.17 21:36:00,21:36:00,95,com.sec.android.app.shealth
2026.02.17 21:37:00,21:37:00,93,com.sec.android.app.shealth
2026.02.17 21:38:00,21:38:00,95,com.sec.android.app.shealth
2026.02.17 21:39:00,21:39:00,99,com.sec.android.app.shealth
2026.02.17 21:40:00,21:40:00,99,com.sec.android.app.shealth
2026.02.17 21:41:00,21:41:00,102,com.sec.android.app.shealth
2026.02.17 21:42:00,21:42:00,100,com.sec.android.app.shealth
2026.02.17 21:42:00,21:42:00,100,com.sec.android.app.shealth
2026.02.17 21:42:52,21:42:52,103,com.sec.android.app.shealth
2026.02.17 21:50:01,21:50:01,78,com.sec.android.app.shealth
2026.02.17 23:10:01,23:10:01,89,com.sec.android.app.shealth
2026.02.17 23:20:01,23:20:01,68,com.sec.android.app.shealth
2026.02.17 23:30:01,23:30:01,61,com.sec.android.app.shealth
2026.02.17 23:40:01,23:40:01,63,com.sec.android.app.shealth
2026.02.17 23:50:09,23:50:09,61,com.sec.android.app.shealth
2026.02.18 00:00:10,00:00:10,61,com.sec.android.app.shealth
2026.02.18 00:10:08,00:10:08,60,com.sec.android.app.shealth
2026.02.18 00:20:08,00:20:08,63,com.sec.android.app.shealth
2026.02.18 00:30:09,00:30:09,64,com.sec.android.app.shealth
2026.02.18 00:40:08,00:40:08,55,com.sec.android.app.shealth
2026.02.18 00:50:09,00:50:09,60,com.sec.android.app.shealth
2026.02.18 01:00:10,01:00:10,60,com.sec.android.app.shealth
2026.02.18 01:10:08,01:10:08,53,com.sec.android.app.shealth
2026.02.18 01:20:08,01:20:08,57,com.sec.android.app.shealth
2026.02.18 01:30:09,01:30:09,56,com.sec.android.app.shealth
2026.02.18 01:40:08,01:40:08,56,com.sec.android.app.shealth
2026.02.18 01:50:10,01:50:10,86,com.sec.android.app.shealth
2026.02.18 02:00:08,02:00:08,57,com.sec.android.app.shealth
2026.02.18 02:10:20,02:10:20,111,com.sec.android.app.shealth
2026.02.18 02:20:08,02:20:08,54,com.sec.android.app.shealth
2026.02.18 02:30:21,02:30:21,54,com.sec.android.app.shealth
2026.02.18 02:40:09,02:40:09,57,com.sec.android.app.shealth
2026.02.18 02:50:09,02:50:09,56,com.sec.android.app.shealth
2026.02.18 03:00:12,03:00:12,55,com.sec.android.app.shealth
2026.02.18 03:10:10,03:10:10,57,com.sec.android.app.shealth
2026.02.18 03:20:09,03:20:09,54,com.sec.android.app.shealth
2026.02.18 03:30:14,03:30:14,55,com.sec.android.app.shealth
2026.02.18 03:40:09,03:40:09,56,com.sec.android.app.shealth
2026.02.18 03:50:08,03:50:08,61,com.sec.android.app.shealth
2026.02.18 04:00:09,04:00:09,63,com.sec.android.app.shealth
2026.02.18 04:10:11,04:10:11,60,com.sec.android.app.shealth
2026.02.18 04:20:08,04:20:08,59,com.sec.android.app.shealth
2026.02.18 04:30:16,04:30:16,52,com.sec.android.app.shealth
2026.02.18 04:40:16,04:40:16,52,com.sec.android.app.shealth
2026.02.18 04:50:09,04:50:09,51,com.sec.android.app.shealth
2026.02.18 05:00:12,05:00:12,74,com.sec.android.app.shealth
2026.02.18 05:10:12,05:10:12,53,com.sec.android.app.shealth
2026.02.18 05:20:08,05:20:08,52,com.sec.android.app.shealth
2026.02.18 05:30:12,05:30:12,66,com.sec.android.app.shealth
2026.02.18 05:40:21,05:40:21,64,com.sec.android.app.shealth
2026.02.18 05:50:01,05:50:01,52,com.sec.android.app.shealth
2026.02.18 06:00:00,06:00:00,52,com.sec.android.app.shealth
2026.02.18 06:10:00,06:10:00,50,com.sec.android.app.shealth
2026.02.18 06:20:00,06:20:00,53,com.sec.android.app.shealth
2026.02.18 06:30:08,06:30:08,68,com.sec.android.app.shealth
2026.02.18 06:40:21,06:40:21,77,com.sec.android.app.shealth
2026.02.18 07:20:00,07:20:00,79,com.sec.android.app.shealth
2026.02.18 07:30:01,07:30:01,99,com.sec.android.app.shealth
2026.02.18 07:40:01,07:40:01,102,com.sec.android.app.shealth
2026.02.18 07:50:00,07:50:00,78,com.sec.android.app.shealth
2026.02.18 08:00:01,08:00:01,71,com.sec.android.app.shealth
2026.02.18 08:10:01,08:10:01,86,com.sec.android.app.shealth
2026.02.18 08:20:01,08:20:01,100,com.sec.android.app.shealth
2026.02.18 08:30:00,08:30:00,72,com.sec.android.app.shealth
2026.02.18 08:40:01,08:40:01,133,com.sec.android.app.shealth
2026.02.18 08:50:01,08:50:01,80,com.sec.android.app.shealth
2026.02.18 09:00:01,09:00:01,72,com.sec.android.app.shealth
2026.02.18 09:10:01,09:10:01,73,com.sec.android.app.shealth
2026.02.18 09:20:00,09:20:00,74,com.sec.android.app.shealth
2026.02.18 09:30:01,09:30:01,71,com.sec.android.app.shealth
2026.02.18 09:40:01,09:40:01,70,com.sec.android.app.shealth
2026.02.18 09:50:01,09:50:01,62,com.sec.android.app.shealth
2026.02.18 10:00:01,10:00:01,67,com.sec.android.app.shealth
2026.02.18 10:10:00,10:10:00,62,com.sec.android.app.shealth
2026.02.18 10:20:01,10:20:01,64,com.sec.android.app.shealth
2026.02.18 10:30:01,10:30:01,93,com.sec.android.app.shealth
2026.02.18 10:40:01,10:40:01,73,com.sec.android.app.shealth
2026.02.18 10:50:01,10:50:01,59,com.sec.android.app.shealth
2026.02.18 11:00:01,11:00:01,63,com.sec.android.app.shealth
2026.02.18 11:10:00,11:10:00,64,com.sec.android.app.shealth
2026.02.18 11:20:01,11:20:01,96,com.sec.android.app.shealth
2026.02.18 11:30:01,11:30:01,110,com.sec.android.app.shealth
2026.02.18 11:40:02,11:40:02,115,com.sec.android.app.shealth
2026.02.18 11:50:01,11:50:01,88,com.sec.android.app.shealth
2026.02.18 12:00:01,12:00:01,89,com.sec.android.app.shealth
2026.02.18 12:10:01,12:10:01,100,com.sec.android.app.shealth
2026.02.18 12:20:01,12:20:01,91,com.sec.android.app.shealth
2026.02.18 12:30:01,12:30:01,81,com.sec.android.app.shealth
2026.02.18 12:40:01,12:40:01,75,com.sec.android.app.shealth
2026.02.18 12:50:00,12:50:00,74,com.sec.android.app.shealth
2026.02.18 13:00:00,13:00:00,78,com.sec.android.app.shealth
2026.02.18 13:10:00,13:10:00,75,com.sec.android.app.shealth
2026.02.18 13:20:01,13:20:01,85,com.sec.android.app.shealth
2026.02.18 13:30:01,13:30:01,81,com.sec.android.app.shealth
2026.02.18 13:40:01,13:40:01,93,com.sec.android.app.shealth
2026.02.18 13:50:02,13:50:02,83,com.sec.android.app.shealth
2026.02.18 14:00:01,14:00:01,107,com.sec.android.app.shealth
2026.02.18 14:10:01,14:10:01,101,com.sec.android.app.shealth
2026.02.18 14:20:01,14:20:01,135,com.sec.android.app.shealth
2026.02.18 14:30:00,14:30:00,89,com.sec.android.app.shealth
2026.02.18 14:40:01,14:40:01,77,com.sec.android.app.shealth
2026.02.18 14:50:01,14:50:01,98,com.sec.android.app.shealth
2026.02.18 15:00:01,15:00:01,102,com.sec.android.app.shealth
2026.02.18 15:10:01,15:10:01,101,com.sec.android.app.shealth
2026.02.18 15:20:02,15:20:02,68,com.sec.android.app.shealth
2026.02.18 15:30:00,15:30:00,70,com.sec.android.app.shealth
2026.02.18 15:40:01,15:40:01,77,com.sec.android.app.shealth
2026.02.18 15:50:01,15:50:01,90,com.sec.android.app.shealth
2026.02.18 16:00:01,16:00:01,90,com.sec.android.app.shealth
2026.02.18 16:10:02,16:10:02,69,com.sec.android.app.shealth
2026.02.18 16:20:00,16:20:00,90,com.sec.android.app.shealth
2026.02.18 16:30:01,16:30:01,54,com.sec.android.app.shealth
2026.02.18 16:40:01,16:40:01,85,com.sec.android.app.shealth
2026.02.18 16:50:01,16:50:01,65,com.sec.android.app.shealth
2026.02.18 22:30:02,22:30:02,57,com.sec.android.app.shealth
2026.02.18 22:40:02,22:40:02,56,com.sec.android.app.shealth
2026.02.18 22:50:09,22:50:09,57,com.sec.android.app.shealth
2026.02.18 23:00:10,23:00:10,57,com.sec.android.app.shealth
2026.02.18 23:10:09,23:10:09,56,com.sec.android.app.shealth
2026.02.18 23:20:09,23:20:09,57,com.sec.android.app.shealth
2026.02.18 23:30:10,23:30:10,60,com.sec.android.app.shealth
2026.02.18 23:40:19,23:40:19,59,com.sec.android.app.shealth
2026.02.18 23:50:10,23:50:10,61,com.sec.android.app.shealth
2026.02.19 00:00:11,00:00:11,58,com.sec.android.app.shealth
2026.02.19 00:10:12,00:10:12,58,com.sec.android.app.shealth
2026.02.19 00:20:09,00:20:09,57,com.sec.android.app.shealth
2026.02.19 00:30:09,00:30:09,54,com.sec.android.app.shealth
2026.02.19 00:40:10,00:40:10,61,com.sec.android.app.shealth
2026.02.19 00:50:12,00:50:12,64,com.sec.android.app.shealth
2026.02.19 01:00:09,01:00:09,62,com.sec.android.app.shealth
2026.02.19 01:10:08,01:10:08,54,com.sec.android.app.shealth
2026.02.19 01:20:20,01:20:20,69,com.sec.android.app.shealth
2026.02.19 01:30:09,01:30:09,59,com.sec.android.app.shealth
2026.02.19 01:40:12,01:40:12,59,com.sec.android.app.shealth
2026.02.19 01:50:08,01:50:08,63,com.sec.android.app.shealth
2026.02.19 02:00:08,02:00:08,66,com.sec.android.app.shealth
2026.02.19 02:10:17,02:10:17,73,com.sec.android.app.shealth
2026.02.19 02:20:08,02:20:08,52,com.sec.android.app.shealth
2026.02.19 02:30:12,02:30:12,53,com.sec.android.app.shealth
2026.02.19 02:40:16,02:40:16,52,com.sec.android.app.shealth
2026.02.19 02:50:21,02:50:21,85,com.sec.android.app.shealth
2026.02.19 03:00:08,03:00:08,62,com.sec.android.app.shealth
2026.02.19 03:10:08,03:10:08,52,com.sec.android.app.shealth
2026.02.19 03:20:10,03:20:10,56,com.sec.android.app.shealth
2026.02.19 03:30:20,03:30:20,78,com.sec.android.app.shealth
2026.02.19 03:40:21,03:40:21,91,com.sec.android.app.shealth
2026.02.19 03:50:20,03:50:20,103,com.sec.android.app.shealth
2026.02.19 04:00:09,04:00:09,57,com.sec.android.app.shealth
2026.02.19 04:10:10,04:10:10,58,com.sec.android.app.shealth
2026.02.19 04:20:09,04:20:09,55,com.sec.android.app.shealth
2026.02.19 04:30:08,04:30:08,69,com.sec.android.app.shealth
2026.02.19 04:40:21,04:40:21,70,com.sec.android.app.shealth
2026.02.19 04:50:09,04:50:09,51,com.sec.android.app.shealth
2026.02.19 05:00:15,05:00:15,87,com.sec.android.app.shealth
2026.02.19 05:10:09,05:10:09,56,com.sec.android.app.shealth
2026.02.19 05:20:09,05:20:09,55,com.sec.android.app.shealth
2026.02.19 05:30:21,05:30:21,92,com.sec.android.app.shealth
2026.02.19 05:57:02,05:57:02,79,com.sec.android.app.shealth
2026.02.19 06:00:01,06:00:01,100,com.sec.android.app.shealth
2026.02.19 06:10:02,06:10:02,67,com.sec.android.app.shealth
2026.02.19 06:20:01,06:20:01,60,com.sec.android.app.shealth
2026.02.19 06:30:01,06:30:01,67,com.sec.android.app.shealth
2026.02.19 06:40:01,06:40:01,66,com.sec.android.app.shealth
2026.02.19 06:50:02,06:50:02,72,com.sec.android.app.shealth
2026.02.19 07:00:02,07:00:02,103,com.sec.android.app.shealth
2026.02.19 07:10:01,07:10:01,108,com.sec.android.app.shealth
2026.02.19 07:18:19,07:18:19,83,com.sec.android.app.shealth
2026.02.19 07:18:37,07:18:37,77,com.sec.android.app.shealth
2026.02.19 07:20:01,07:20:01,100,com.sec.android.app.shealth
2026.02.19 07:30:01,07:30:01,95,com.sec.android.app.shealth
2026.02.19 07:40:01,07:40:01,145,com.sec.android.app.shealth
2026.02.19 07:50:02,07:50:02,82,com.sec.android.app.shealth
2026.02.19 08:00:01,08:00:01,94,com.sec.android.app.shealth
2026.02.19 08:10:01,08:10:01,89,com.sec.android.app.shealth
2026.02.19 08:20:01,08:20:01,77,com.sec.android.app.shealth
2026.02.19 08:30:01,08:30:01,79,com.sec.android.app.shealth
2026.02.19 08:40:02,08:40:02,80,com.sec.android.app.shealth
2026.02.19 08:50:00,08:50:00,76,com.sec.android.app.shealth
2026.02.19 09:00:01,09:00:01,72,com.sec.android.app.shealth
2026.02.19 09:10:01,09:10:01,80,com.sec.android.app.shealth
2026.02.19 09:20:01,09:20:01,70,com.sec.android.app.shealth
2026.02.19 09:30:01,09:30:01,92,com.sec.android.app.shealth
2026.02.19 09:40:01,09:40:01,66,com.sec.android.app.shealth
2026.02.19 09:50:02,09:50:02,66,com.sec.android.app.shealth
2026.02.19 10:00:02,10:00:02,80,com.sec.android.app.shealth
2026.02.19 10:10:01,10:10:01,75,com.sec.android.app.shealth
2026.02.19 10:20:02,10:20:02,104,com.sec.android.app.shealth
2026.02.19 10:30:01,10:30:01,103,com.sec.android.app.shealth
2026.02.19 10:40:02,10:40:02,81,com.sec.android.app.shealth
2026.02.19 10:50:02,10:50:02,91,com.sec.android.app.shealth
2026.02.19 11:00:02,11:00:02,81,com.sec.android.app.shealth
2026.02.19 11:10:02,11:10:02,89,com.sec.android.app.shealth
2026.02.19 11:20:01,11:20:01,97,com.sec.android.app.shealth
2026.02.19 11:30:01,11:30:01,98,com.sec.android.app.shealth
2026.02.19 11:40:01,11:40:01,103,com.sec.android.app.shealth
2026.02.19 11:50:02,11:50:02,117,com.sec.android.app.shealth
2026.02.19 12:00:01,12:00:01,99,com.sec.android.app.shealth
2026.02.19 12:10:01,12:10:01,99,com.sec.android.app.shealth
2026.02.19 12:20:01,12:20:01,92,com.sec.android.app.shealth
2026.02.19 12:30:02,12:30:02,101,com.sec.android.app.shealth
2026.02.19 12:40:01,12:40:01,87,com.sec.android.app.shealth
2026.02.19 12:50:01,12:50:01,91,com.sec.android.app.shealth
2026.02.19 13:00:09,13:00:09,93,com.sec.android.app.shealth
2026.02.19 13:10:01,13:10:01,107,com.sec.android.app.shealth
2026.02.19 13:20:02,13:20:02,89,com.sec.android.app.shealth
2026.02.19 13:30:01,13:30:01,83,com.sec.android.app.shealth
2026.02.19 13:40:01,13:40:01,89,com.sec.android.app.shealth
2026.02.19 13:50:01,13:50:01,81,com.sec.android.app.shealth
2026.02.19 14:00:01,14:00:01,92,com.sec.android.app.shealth
2026.02.19 14:10:02,14:10:02,81,com.sec.android.app.shealth
2026.02.19 14:20:01,14:20:01,71,com.sec.android.app.shealth
2026.02.19 14:30:01,14:30:01,69,com.sec.android.app.shealth
2026.02.19 14:40:02,14:40:02,71,com.sec.android.app.shealth
2026.02.19 14:50:01,14:50:01,92,com.sec.android.app.shealth
2026.02.19 15:00:01,15:00:01,80,com.sec.android.app.shealth
2026.02.19 15:10:01,15:10:01,72,com.sec.android.app.shealth
2026.02.19 15:20:01,15:20:01,66,com.sec.android.app.shealth
2026.02.19 15:30:02,15:30:02,72,com.sec.android.app.shealth
2026.02.19 15:40:01,15:40:01,71,com.sec.android.app.shealth
2026.02.19 15:50:02,15:50:02,74,com.sec.android.app.shealth
2026.02.19 16:00:01,16:00:01,68,com.sec.android.app.shealth
2026.02.19 16:10:02,16:10:02,66,com.sec.android.app.shealth
2026.02.19 16:20:01,16:20:01,79,com.sec.android.app.shealth
2026.02.19 16:30:02,16:30:02,107,com.sec.android.app.shealth
2026.02.19 16:40:01,16:40:01,104,com.sec.android.app.shealth
2026.02.19 16:50:02,16:50:02,143,com.sec.android.app.shealth
2026.02.19 17:00:02,17:00:02,133,com.sec.android.app.shealth
2026.02.19 17:10:02,17:10:02,139,com.sec.android.app.shealth
2026.02.19 17:20:01,17:20:01,139,com.sec.android.app.shealth
2026.02.19 17:24:11,17:24:11,147,com.sec.android.app.shealth
2026.02.19 17:24:54,17:24:54,132,com.sec.android.app.shealth
2026.02.19 17:30:01,17:30:01,116,com.sec.android.app.shealth
2026.02.19 17:40:01,17:40:01,108,com.sec.android.app.shealth
2026.02.19 17:50:00,17:50:00,129,com.sec.android.app.shealth
2026.02.19 18:00:01,18:00:01,96,com.sec.android.app.shealth
2026.02.19 18:10:01,18:10:01,99,com.sec.android.app.shealth
2026.02.19 18:20:01,18:20:01,128,com.sec.android.app.shealth
2026.02.19 18:30:01,18:30:01,135,com.sec.android.app.shealth
2026.02.19 18:40:01,18:40:01,107,com.sec.android.app.shealth
2026.02.19 18:50:01,18:50:01,118,com.sec.android.app.shealth
2026.02.19 19:00:01,19:00:01,114,com.sec.android.app.shealth
2026.02.19 19:10:00,19:10:00,84,com.sec.android.app.shealth
2026.02.19 19:20:01,19:20:01,98,com.sec.android.app.shealth
2026.02.19 19:30:01,19:30:01,86,com.sec.android.app.shealth
2026.02.19 19:40:01,19:40:01,78,com.sec.android.app.shealth
2026.02.19 19:50:00,19:50:00,74,com.sec.android.app.shealth
2026.02.19 20:00:01,20:00:01,76,com.sec.android.app.shealth
2026.02.19 20:10:01,20:10:01,79,com.sec.android.app.shealth
2026.02.19 20:20:00,20:20:00,115,com.sec.android.app.shealth
2026.02.19 20:30:01,20:30:01,97,com.sec.android.app.shealth
2026.02.19 20:40:00,20:40:00,94,com.sec.android.app.shealth
2026.02.19 20:50:01,20:50:01,87,com.sec.android.app.shealth
2026.02.19 21:00:01,21:00:01,97,com.sec.android.app.shealth
2026.02.19 21:10:01,21:10:01,87,com.sec.android.app.shealth
2026.02.19 21:20:00,21:20:00,85,com.sec.android.app.shealth
2026.02.19 21:30:01,21:30:01,100,com.sec.android.app.shealth
2026.02.19 21:40:01,21:40:01,88,com.sec.android.app.shealth
2026.02.19 21:50:01,21:50:01,105,com.sec.android.app.shealth
2026.02.19 22:00:01,22:00:01,89,com.sec.android.app.shealth
2026.02.19 22:10:00,22:10:00,74,com.sec.android.app.shealth
2026.02.19 22:20:00,22:20:00,77,com.sec.android.app.shealth
2026.02.19 22:30:01,22:30:01,84,com.sec.android.app.shealth
2026.02.19 22:40:02,22:40:02,74,com.sec.android.app.shealth
2026.02.19 22:50:01,22:50:01,69,com.sec.android.app.shealth
2026.02.19 23:00:00,23:00:00,85,com.sec.android.app.shealth
2026.02.19 23:10:01,23:10:01,113,com.sec.android.app.shealth
2026.02.19 23:20:00,23:20:00,83,com.sec.android.app.shealth
2026.02.19 23:30:00,23:30:00,93,com.sec.android.app.shealth
2026.02.19 23:40:01,23:40:01,97,com.sec.android.app.shealth
2026.02.19 23:50:01,23:50:01,63,com.sec.android.app.shealth
